Date,Date_reported,Country,Susceptibility,New_cases,Total_Infected,New_deaths,Total_Deaths,Recovered
1,2020-01-04,Sri Lanka,23229470,0,0,0,0,0
2,2020-01-05,Sri Lanka,23229470,0,0,0,0,0
3,2020-01-06,Sri Lanka,23229470,0,0,0,0,0
4,2020-01-07,Sri Lanka,23229470,0,0,0,0,0
5,2020-01-08,Sri Lanka,23229470,0,0,0,0,0
6,2020-01-09,Sri Lanka,23229470,0,0,0,0,0
7,2020-01-10,Sri Lanka,23229470,0,0,0,0,0
8,2020-01-11,Sri Lanka,23229470,0,0,0,0,0
9,2020-01-12,Sri Lanka,23229470,0,0,0,0,0
10,2020-01-13,Sri Lanka,23229470,0,0,0,0,0
11,2020-01-14,Sri Lanka,23229470,0,0,0,0,0
12,2020-01-15,Sri Lanka,23229470,0,0,0,0,0
13,2020-01-16,Sri Lanka,23229470,0,0,0,0,0
14,2020-01-17,Sri Lanka,23229470,0,0,0,0,0
15,2020-01-18,Sri Lanka,23229470,0,0,0,0,0
16,2020-01-19,Sri Lanka,23229470,0,0,0,0,0
17,2020-01-20,Sri Lanka,23229470,0,0,0,0,0
18,2020-01-21,Sri Lanka,23229470,0,0,0,0,0
19,2020-01-22,Sri Lanka,23229470,0,0,0,0,0
20,2020-01-23,Sri Lanka,23229470,0,0,0,0,0
21,2020-01-24,Sri Lanka,23229470,0,0,0,0,0
22,2020-01-25,Sri Lanka,23229470,0,0,0,0,0
23,2020-01-26,Sri Lanka,23229470,0,0,0,0,0
24,2020-01-27,Sri Lanka,23229465,5,5,0,0,0
25,2020-01-28,Sri Lanka,23229469,-4,1,0,0,0
26,2020-01-29,Sri Lanka,23229465,4,5,0,0,0
27,2020-01-30,Sri Lanka,23229465,0,5,0,0,0
28,2020-01-31,Sri Lanka,23229465,0,5,0,0,0
29,2020-02-01,Sri Lanka,23229465,0,5,0,0,0
30,2020-02-02,Sri Lanka,23229465,0,5,0,0,0
31,2020-02-03,Sri Lanka,23229465,0,5,0,0,0
32,2020-02-04,Sri Lanka,23229465,0,5,0,0,0
33,2020-02-05,Sri Lanka,23229465,0,5,0,0,0
34,2020-02-06,Sri Lanka,23229465,0,5,0,0,0
35,2020-02-07,Sri Lanka,23229465,0,5,0,0,0
36,2020-02-08,Sri Lanka,23229465,0,5,0,0,0
37,2020-02-09,Sri Lanka,23229465,0,5,0,0,0
38,2020-02-10,Sri Lanka,23229465,0,5,0,0,0
39,2020-02-11,Sri Lanka,23229465,0,5,0,0,0
40,2020-02-12,Sri Lanka,23229465,0,5,0,0,0
41,2020-02-13,Sri Lanka,23229465,0,5,0,0,0
42,2020-02-14,Sri Lanka,23229465,0,5,0,0,0
43,2020-02-15,Sri Lanka,23229465,0,5,0,0,0
44,2020-02-16,Sri Lanka,23229465,0,5,0,0,0
45,2020-02-17,Sri Lanka,23229465,0,5,0,0,0
46,2020-02-18,Sri Lanka,23229465,0,5,0,0,0
47,2020-02-19,Sri Lanka,23229465,0,5,0,0,0
48,2020-02-20,Sri Lanka,23229465,0,5,0,0,0
49,2020-02-21,Sri Lanka,23229465,0,5,0,0,0
50,2020-02-22,Sri Lanka,23229465,0,5,0,0,0
51,2020-02-23,Sri Lanka,23229465,0,5,0,0,0
52,2020-02-24,Sri Lanka,23229465,0,5,0,0,0
53,2020-02-25,Sri Lanka,23229465,0,5,0,0,0
54,2020-02-26,Sri Lanka,23229465,0,5,0,0,0
55,2020-02-27,Sri Lanka,23229465,0,5,0,0,0
56,2020-02-28,Sri Lanka,23229465,0,5,0,0,0
57,2020-02-29,Sri Lanka,23229465,0,5,0,0,0
58,2020-03-01,Sri Lanka,23229465,0,5,0,0,0
59,2020-03-02,Sri Lanka,23229465,0,5,0,0,0
60,2020-03-03,Sri Lanka,23229465,0,5,0,0,0
61,2020-03-04,Sri Lanka,23229465,0,5,0,0,0
62,2020-03-05,Sri Lanka,23229465,0,5,0,0,0
63,2020-03-06,Sri Lanka,23229465,0,5,0,0,0
64,2020-03-07,Sri Lanka,23229465,0,5,0,0,0
65,2020-03-08,Sri Lanka,23229465,0,5,0,0,0
66,2020-03-09,Sri Lanka,23229465,0,5,0,0,0
67,2020-03-10,Sri Lanka,23229465,0,5,0,0,0
68,2020-03-11,Sri Lanka,23229468,-3,2,0,0,0
69,2020-03-12,Sri Lanka,23229467,1,3,0,0,0
70,2020-03-13,Sri Lanka,23229463,4,7,0,0,0
71,2020-03-14,Sri Lanka,23229464,-1,6,0,0,0
72,2020-03-15,Sri Lanka,23229459,5,11,0,0,0
73,2020-03-16,Sri Lanka,23229451,8,19,0,0,0
74,2020-03-17,Sri Lanka,23229441,10,29,0,0,0
75,2020-03-18,Sri Lanka,23229428,13,42,0,0,0
76,2020-03-19,Sri Lanka,23229417,11,53,0,0,0
77,2020-03-20,Sri Lanka,23229404,13,66,0,0,0
78,2020-03-21,Sri Lanka,23229398,6,72,0,0,0
79,2020-03-22,Sri Lanka,23229388,10,82,0,0,0
80,2020-03-23,Sri Lanka,23229376,12,94,0,0,0
81,2020-03-24,Sri Lanka,23229373,3,97,0,0,0
82,2020-03-25,Sri Lanka,23229368,5,102,0,0,0
83,2020-03-26,Sri Lanka,23229368,0,102,0,0,0
84,2020-03-27,Sri Lanka,23229364,4,106,0,0,0
85,2020-03-28,Sri Lanka,23229364,0,106,0,0,0
86,2020-03-29,Sri Lanka,23229355,9,115,1,1,10
87,2020-03-30,Sri Lanka,23229350,5,120,0,1,15
88,2020-03-31,Sri Lanka,23229348,2,122,1,2,16
89,2020-04-01,Sri Lanka,23229327,21,143,0,2,18
90,2020-04-02,Sri Lanka,23229322,5,148,1,3,21
91,2020-04-03,Sri Lanka,23229319,3,151,1,4,22
92,2020-04-04,Sri Lanka,23229311,8,159,1,5,25
93,2020-04-05,Sri Lanka,23229304,7,166,0,5,29
94,2020-04-06,Sri Lanka,23229294,10,176,0,5,34
95,2020-04-07,Sri Lanka,23229290,4,180,1,6,42
96,2020-04-08,Sri Lanka,23229284,6,186,-6,0,42
97,2020-04-09,Sri Lanka,23229281,3,189,7,7,47
98,2020-04-10,Sri Lanka,23229280,1,190,0,7,50
99,2020-04-11,Sri Lanka,23229273,7,197,0,7,54
100,2020-04-12,Sri Lanka,23229271,2,199,0,7,55
101,2020-04-13,Sri Lanka,23229260,11,210,0,7,56
102,2020-04-14,Sri Lanka,23229252,8,218,0,7,59
103,2020-04-15,Sri Lanka,23229237,15,233,0,7,63
104,2020-04-16,Sri Lanka,23229232,5,238,0,7,65
105,2020-04-17,Sri Lanka,23229232,0,238,0,7,70
106,2020-04-18,Sri Lanka,23229226,6,244,0,7,77
107,2020-04-19,Sri Lanka,23229216,10,254,0,7,91
108,2020-04-20,Sri Lanka,23229199,17,271,0,7,97
109,2020-04-21,Sri Lanka,23229166,33,304,0,7,100
110,2020-04-22,Sri Lanka,23229160,6,310,0,7,104
111,2020-04-23,Sri Lanka,23229140,20,330,0,7,105
112,2020-04-24,Sri Lanka,23229102,38,368,0,7,107
113,2020-04-25,Sri Lanka,23229050,52,420,0,7,116
114,2020-04-26,Sri Lanka,23229010,40,460,0,7,120
115,2020-04-27,Sri Lanka,23228947,63,523,0,7,126
116,2020-04-28,Sri Lanka,23228882,65,588,0,7,134
117,2020-04-29,Sri Lanka,23228851,31,619,0,7,134
118,2020-04-30,Sri Lanka,23228821,30,649,0,7,139
119,2020-05-01,Sri Lanka,23228805,16,665,0,7,157
120,2020-05-02,Sri Lanka,23228780,25,690,0,7,172
121,2020-05-03,Sri Lanka,23228765,15,705,0,7,182
122,2020-05-04,Sri Lanka,23228752,13,718,1,8,187
123,2020-05-05,Sri Lanka,23228715,37,755,0,8,197
124,2020-05-06,Sri Lanka,23228699,16,771,1,9,215
125,2020-05-07,Sri Lanka,23228673,26,797,0,9,232
126,2020-05-08,Sri Lanka,23228646,27,824,0,9,240
127,2020-05-09,Sri Lanka,23228635,11,835,0,9,255
128,2020-05-10,Sri Lanka,23228623,12,847,0,9,321
129,2020-05-11,Sri Lanka,23228607,16,863,0,9,343
130,2020-05-12,Sri Lanka,23228581,26,889,0,9,366
131,2020-05-13,Sri Lanka,23228555,26,915,0,9,382
132,2020-05-14,Sri Lanka,23228545,10,925,0,9,445
133,2020-05-15,Sri Lanka,23228535,10,935,0,9,477
134,2020-05-16,Sri Lanka,23228510,25,960,0,9,520
135,2020-05-17,Sri Lanka,23228489,21,981,0,9,538
136,2020-05-18,Sri Lanka,23228478,11,992,0,9,559
137,2020-05-19,Sri Lanka,23228443,35,1027,0,9,569
138,2020-05-20,Sri Lanka,23228442,1,1028,0,9,584
139,2020-05-21,Sri Lanka,23228415,27,1055,0,9,604
140,2020-05-22,Sri Lanka,23228402,13,1068,0,9,620
141,2020-05-23,Sri Lanka,23228381,21,1089,0,9,660
142,2020-05-24,Sri Lanka,23228329,52,1141,0,9,674
143,2020-05-25,Sri Lanka,23228288,41,1182,1,10,695
144,2020-05-26,Sri Lanka,23228151,137,1319,0,10,712
145,2020-05-27,Sri Lanka,23228001,150,1469,0,10,732
146,2020-05-28,Sri Lanka,23227940,61,1530,0,10,745
147,2020-05-29,Sri Lanka,23227912,28,1558,0,10,754
148,2020-05-30,Sri Lanka,23227850,62,1620,0,10,781
149,2020-05-31,Sri Lanka,23227837,13,1633,0,10,801
150,2020-06-01,Sri Lanka,23227827,10,1643,1,11,811
151,2020-06-02,Sri Lanka,23227787,40,1683,0,11,823
152,2020-06-03,Sri Lanka,23227721,66,1749,0,11,836
153,2020-06-04,Sri Lanka,23227673,48,1797,0,11,839
154,2020-06-05,Sri Lanka,23227669,4,1801,0,11,858
155,2020-06-06,Sri Lanka,23227656,13,1814,0,11,891
156,2020-06-07,Sri Lanka,23227635,21,1835,0,11,941
157,2020-06-08,Sri Lanka,23227613,22,1857,0,11,990
158,2020-06-09,Sri Lanka,23227611,2,1859,0,11,1057
159,2020-06-10,Sri Lanka,23227601,10,1869,0,11,1122
160,2020-06-11,Sri Lanka,23227593,8,1877,0,11,1150
161,2020-06-12,Sri Lanka,23227590,3,1880,0,11,1196
162,2020-06-13,Sri Lanka,23227586,4,1884,0,11,1252
163,2020-06-14,Sri Lanka,23227581,5,1889,0,11,1287
164,2020-06-15,Sri Lanka,23227565,16,1905,0,11,1342
165,2020-06-16,Sri Lanka,23227555,10,1915,0,11,1371
166,2020-06-17,Sri Lanka,23227546,9,1924,0,11,1421
167,2020-06-18,Sri Lanka,23227523,23,1947,0,11,1446
168,2020-06-19,Sri Lanka,23227520,3,1950,0,11,1472
169,2020-06-20,Sri Lanka,23227520,0,1950,0,11,1498
170,2020-06-21,Sri Lanka,23227520,0,1950,0,11,1526
171,2020-06-22,Sri Lanka,23227519,1,1951,0,11,1548
172,2020-06-23,Sri Lanka,23227479,40,1991,0,11,1562
173,2020-06-24,Sri Lanka,23227469,10,2001,0,11,1602
174,2020-06-25,Sri Lanka,23227460,9,2010,0,11,1619
175,2020-06-26,Sri Lanka,23227456,4,2014,0,11,1639
176,2020-06-27,Sri Lanka,23227437,19,2033,0,11,1661
177,2020-06-28,Sri Lanka,23227433,4,2037,0,11,1678
178,2020-06-29,Sri Lanka,23227428,5,2042,0,11,1711
179,2020-06-30,Sri Lanka,23227423,5,2047,0,11,1748
180,2020-07-01,Sri Lanka,23227416,7,2054,0,11,1827
181,2020-07-02,Sri Lanka,23227404,12,2066,0,11,1863
182,2020-07-03,Sri Lanka,23227401,3,2069,0,11,1885
183,2020-07-04,Sri Lanka,23227396,5,2074,0,11,1903
184,2020-07-05,Sri Lanka,23227394,2,2076,0,11,1917
185,2020-07-06,Sri Lanka,23227393,1,2077,0,11,1955
186,2020-07-07,Sri Lanka,23227389,4,2081,0,11,1967
187,2020-07-08,Sri Lanka,23227376,13,2094,0,11,1979
188,2020-07-09,Sri Lanka,23227316,60,2154,0,11,1980
189,2020-07-10,Sri Lanka,23227016,300,2454,0,11,1980
190,2020-07-11,Sri Lanka,23226959,57,2511,0,11,1981
191,2020-07-12,Sri Lanka,23226853,106,2617,0,11,1981
192,2020-07-13,Sri Lanka,23226824,29,2646,0,11,1988
193,2020-07-14,Sri Lanka,23226805,19,2665,0,11,2001
194,2020-07-15,Sri Lanka,23226796,9,2674,0,11,2007
195,2020-07-16,Sri Lanka,23226783,13,2687,0,11,2012
196,2020-07-17,Sri Lanka,23226773,10,2697,0,11,2023
197,2020-07-18,Sri Lanka,23226766,7,2704,0,11,2035
198,2020-07-19,Sri Lanka,23226746,20,2724,0,11,2041
199,2020-07-20,Sri Lanka,23226740,6,2730,0,11,2048
200,2020-07-21,Sri Lanka,23226740,0,2730,0,11,2064
201,2020-07-22,Sri Lanka,23226718,22,2752,0,11,2077
202,2020-07-23,Sri Lanka,23226717,1,2753,0,11,2094
203,2020-07-24,Sri Lanka,23226706,11,2764,0,11,2103
204,2020-07-25,Sri Lanka,23226700,6,2770,0,11,2106
205,2020-07-26,Sri Lanka,23226688,12,2782,0,11,2121
206,2020-07-27,Sri Lanka,23226665,23,2805,0,11,2296
207,2020-07-28,Sri Lanka,23226660,5,2810,0,11,2317
208,2020-07-29,Sri Lanka,23226660,0,2810,0,11,2333
209,2020-07-30,Sri Lanka,23226656,4,2814,0,11,2391
210,2020-07-31,Sri Lanka,23226655,1,2815,0,11,2439
211,2020-08-01,Sri Lanka,23226655,0,2815,0,11,2514
212,2020-08-02,Sri Lanka,23226647,8,2823,0,11,2517
213,2020-08-03,Sri Lanka,23226642,5,2828,0,11,2524
214,2020-08-04,Sri Lanka,23226636,6,2834,0,11,2537
215,2020-08-05,Sri Lanka,23226631,5,2839,0,11,2541
216,2020-08-06,Sri Lanka,23226631,0,2839,0,11,2564
217,2020-08-07,Sri Lanka,23226631,0,2839,0,11,2576
218,2020-08-08,Sri Lanka,23226629,2,2841,0,11,2579
219,2020-08-09,Sri Lanka,23226626,3,2844,0,11,2593
220,2020-08-10,Sri Lanka,23226626,0,2844,0,11,2622
221,2020-08-11,Sri Lanka,23226599,27,2871,0,11,2638
222,2020-08-12,Sri Lanka,23226590,9,2880,0,11,2646
223,2020-08-13,Sri Lanka,23226589,1,2881,0,11,2658
224,2020-08-14,Sri Lanka,23226588,1,2882,0,11,2666
225,2020-08-15,Sri Lanka,23226584,4,2886,0,11,2670
226,2020-08-16,Sri Lanka,23226580,4,2890,0,11,2676
227,2020-08-17,Sri Lanka,23226577,3,2893,0,11,2755
228,2020-08-18,Sri Lanka,23226570,7,2900,0,11,2760
229,2020-08-19,Sri Lanka,23226568,2,2902,0,11,2765
230,2020-08-20,Sri Lanka,23226568,0,2902,0,11,2789
231,2020-08-21,Sri Lanka,23226552,16,2918,0,11,2798
232,2020-08-22,Sri Lanka,23226529,23,2941,0,11,2805
233,2020-08-23,Sri Lanka,23226523,6,2947,1,12,2811
234,2020-08-24,Sri Lanka,23226517,6,2953,0,12,2816
235,2020-08-25,Sri Lanka,23226511,6,2959,0,12,2819
236,2020-08-26,Sri Lanka,23226499,12,2971,0,12,2830
237,2020-08-27,Sri Lanka,23226486,13,2984,0,12,2842
238,2020-08-28,Sri Lanka,23226482,4,2988,0,12,2849
239,2020-08-29,Sri Lanka,23226475,7,2995,0,12,2860
240,2020-08-30,Sri Lanka,23226458,17,3012,0,12,2868
241,2020-08-31,Sri Lanka,23226421,37,3049,0,12,2879
242,2020-09-01,Sri Lanka,23226378,43,3092,0,12,2883
243,2020-09-02,Sri Lanka,23226369,9,3101,0,12,2889
244,2020-09-03,Sri Lanka,23226359,10,3111,0,12,2907
245,2020-09-04,Sri Lanka,23226355,4,3115,0,12,2918
246,2020-09-05,Sri Lanka,23226349,6,3121,0,12,2925
247,2020-09-06,Sri Lanka,23226347,2,3123,0,12,2926
248,2020-09-07,Sri Lanka,23226347,0,3123,0,12,2935
249,2020-09-08,Sri Lanka,23226330,17,3140,0,12,2946
250,2020-09-09,Sri Lanka,23226323,7,3147,0,12,2955
251,2020-09-10,Sri Lanka,23226315,8,3155,0,12,2969
252,2020-09-11,Sri Lanka,23226301,14,3169,0,12,2983
253,2020-09-12,Sri Lanka,23226275,26,3195,0,12,2996
254,2020-09-13,Sri Lanka,23226236,39,3234,0,12,3005
255,2020-09-14,Sri Lanka,23226208,28,3262,0,12,3016
256,2020-09-15,Sri Lanka,23226199,9,3271,1,13,3021
257,2020-09-16,Sri Lanka,23226199,0,3271,0,13,3043
258,2020-09-17,Sri Lanka,23226194,5,3276,0,13,3060
259,2020-09-18,Sri Lanka,23226189,5,3281,0,13,3070
260,2020-09-19,Sri Lanka,23226187,2,3283,0,13,3088
261,2020-09-20,Sri Lanka,23226183,4,3287,0,13,3100
262,2020-09-21,Sri Lanka,23226171,12,3299,0,13,3118
263,2020-09-22,Sri Lanka,23226157,14,3313,0,13,3129
264,2020-09-23,Sri Lanka,23226146,11,3324,0,13,3142
265,2020-09-24,Sri Lanka,23226137,9,3333,0,13,3158
266,2020-09-25,Sri Lanka,23226125,12,3345,0,13,3186
267,2020-09-26,Sri Lanka,23226121,4,3349,0,13,3208
268,2020-09-27,Sri Lanka,23226110,11,3360,0,13,3210
269,2020-09-28,Sri Lanka,23226107,3,3363,0,13,3230
270,2020-09-29,Sri Lanka,23226096,11,3374,0,13,3230
271,2020-09-30,Sri Lanka,23226090,6,3380,0,13,3233
272,2020-10-01,Sri Lanka,23226088,2,3382,0,13,3245
273,2020-10-02,Sri Lanka,23226082,6,3388,0,13,3254
274,2020-10-03,Sri Lanka,23226075,7,3395,0,13,3258
275,2020-10-04,Sri Lanka,23226068,7,3402,0,13,3259
276,2020-10-05,Sri Lanka,23225957,111,3513,0,13,3266
277,2020-10-06,Sri Lanka,23225218,739,4252,0,13,3274
278,2020-10-07,Sri Lanka,23225011,207,4459,0,13,3278
279,2020-10-08,Sri Lanka,23224982,29,4488,0,13,3296
280,2020-10-09,Sri Lanka,23224947,35,4523,0,13,3306
281,2020-10-10,Sri Lanka,23224842,105,4628,0,13,3307
282,2020-10-11,Sri Lanka,23224718,124,4752,0,13,3317
283,2020-10-12,Sri Lanka,23224626,92,4844,0,13,3328
284,2020-10-13,Sri Lanka,23224432,194,5038,0,13,3357
285,2020-10-14,Sri Lanka,23224302,130,5168,0,13,3380
286,2020-10-15,Sri Lanka,23224226,76,5244,0,13,3385
287,2020-10-16,Sri Lanka,23224116,110,5354,0,13,3395
288,2020-10-17,Sri Lanka,23223995,121,5475,0,13,3403
289,2020-10-18,Sri Lanka,23223932,63,5538,0,13,3440
290,2020-10-19,Sri Lanka,23223845,87,5625,0,13,3457
291,2020-10-20,Sri Lanka,23223659,186,5811,0,13,3501
292,2020-10-21,Sri Lanka,23223442,217,6028,0,13,3561
293,2020-10-22,Sri Lanka,23223183,259,6287,1,14,3644
294,2020-10-23,Sri Lanka,23222317,866,7153,0,14,3714
295,2020-10-24,Sri Lanka,23221949,368,7521,0,14,3803
296,2020-10-25,Sri Lanka,23221598,351,7872,1,15,3933
297,2020-10-26,Sri Lanka,23221057,541,8413,1,16,4043
298,2020-10-27,Sri Lanka,23220600,457,8870,3,19,4075
299,2020-10-28,Sri Lanka,23220265,335,9205,0,19,4142
300,2020-10-29,Sri Lanka,23219679,586,9791,0,19,4282
301,2020-10-30,Sri Lanka,23219046,633,10424,0,19,4399
302,2020-10-31,Sri Lanka,23218807,239,10663,1,20,4905
303,2020-11-01,Sri Lanka,23218410,397,11060,1,21,5249
304,2020-11-02,Sri Lanka,23218135,275,11335,0,21,5581
305,2020-11-03,Sri Lanka,23217726,409,11744,2,23,5858
306,2020-11-04,Sri Lanka,23217283,443,12187,1,24,6623
307,2020-11-05,Sri Lanka,23216900,383,12570,5,29,7186
308,2020-11-06,Sri Lanka,23216500,400,12970,1,30,7723
309,2020-11-07,Sri Lanka,23216051,449,13419,4,34,8285
310,2020-11-08,Sri Lanka,23215541,510,13929,1,35,8880
311,2020-11-09,Sri Lanka,23215185,356,14285,0,35,9537
312,2020-11-10,Sri Lanka,23214755,430,14715,6,41,10183
313,2020-11-11,Sri Lanka,23214120,635,15350,5,46,10653
314,2020-11-12,Sri Lanka,23213747,373,15723,2,48,11031
315,2020-11-13,Sri Lanka,23213279,468,16191,5,53,11324
316,2020-11-14,Sri Lanka,23212887,392,16583,0,53,11495
317,2020-11-15,Sri Lanka,23212183,704,17287,5,58,11806
318,2020-11-16,Sri Lanka,23211796,387,17674,3,61,12210
319,2020-11-17,Sri Lanka,23211395,401,18075,5,66,12587
320,2020-11-18,Sri Lanka,23211068,327,18402,3,69,12903
321,2020-11-19,Sri Lanka,23210629,439,18841,4,73,13271
322,2020-11-20,Sri Lanka,23210190,439,19280,1,74,13590
323,2020-11-21,Sri Lanka,23209699,491,19771,9,83,14069
324,2020-11-22,Sri Lanka,23209299,400,20171,4,87,14497
325,2020-11-23,Sri Lanka,23208962,337,20508,3,90,14962
326,2020-11-24,Sri Lanka,23208503,459,20967,4,94,15447
327,2020-11-25,Sri Lanka,23208001,502,21469,2,96,15816
328,2020-11-26,Sri Lanka,23207442,559,22028,3,99,16226
329,2020-11-27,Sri Lanka,23206969,473,22501,8,107,16656
330,2020-11-28,Sri Lanka,23206482,487,22988,2,109,17002
331,2020-11-29,Sri Lanka,23205986,496,23484,7,116,17560
332,2020-11-30,Sri Lanka,23205483,503,23987,2,118,17817
333,2020-12-01,Sri Lanka,23204938,545,24532,4,122,18304
334,2020-12-02,Sri Lanka,23204060,878,25410,2,124,19032
335,2020-12-03,Sri Lanka,23203432,628,26038,5,129,19438
336,2020-12-04,Sri Lanka,23202911,521,26559,1,130,20090
337,2020-12-05,Sri Lanka,23202242,669,27228,7,137,20460
338,2020-12-06,Sri Lanka,23201593,649,27877,3,140,20804
339,2020-12-07,Sri Lanka,23200890,703,28580,2,142,21258
340,2020-12-08,Sri Lanka,23200092,798,29378,0,142,21800
341,2020-12-09,Sri Lanka,23199395,697,30075,2,144,22261
342,2020-12-10,Sri Lanka,23198857,538,30613,2,146,22831
343,2020-12-11,Sri Lanka,23198095,762,31375,1,147,23304
344,2020-12-12,Sri Lanka,23197335,760,32135,2,149,23793
345,2020-12-13,Sri Lanka,23196680,655,32790,3,152,24309
346,2020-12-14,Sri Lanka,23195992,688,33478,2,154,24867
347,2020-12-15,Sri Lanka,23195349,643,34121,0,154,25652
348,2020-12-16,Sri Lanka,23194733,616,34737,6,160,26353
349,2020-12-17,Sri Lanka,23194083,650,35387,0,160,27061
350,2020-12-18,Sri Lanka,23193421,662,36049,5,165,27552
351,2020-12-19,Sri Lanka,23192803,618,36667,6,171,28267
352,2020-12-20,Sri Lanka,23192209,594,37261,5,176,28682
353,2020-12-21,Sri Lanka,23191839,370,37631,5,181,29300
354,2020-12-22,Sri Lanka,23191411,428,38059,2,183,29882
355,2020-12-23,Sri Lanka,23190831,580,38639,1,184,30568
356,2020-12-24,Sri Lanka,23190239,592,39231,1,185,31339
357,2020-12-25,Sri Lanka,23189688,551,39782,1,186,32051
358,2020-12-26,Sri Lanka,23189090,598,40380,1,187,32701
359,2020-12-27,Sri Lanka,23188416,674,41054,4,191,33221
360,2020-12-28,Sri Lanka,23187867,549,41603,3,194,33925
361,2020-12-29,Sri Lanka,23187407,460,42063,0,194,34623
362,2020-12-30,Sri Lanka,23186768,639,42702,5,199,35329
363,2020-12-31,Sri Lanka,23186171,597,43299,5,204,36155
364,2021-01-01,Sri Lanka,23185614,557,43856,0,204,36717
365,2021-01-02,Sri Lanka,23185099,515,44371,7,211,37252
366,2021-01-03,Sri Lanka,23184696,403,44774,2,213,37817
367,2021-01-04,Sri Lanka,23184228,468,45242,2,215,38262
368,2021-01-05,Sri Lanka,23183744,484,45726,2,217,39023
369,2021-01-06,Sri Lanka,23183222,522,46248,2,219,39661
370,2021-01-07,Sri Lanka,23182690,532,46780,0,219,40317
371,2021-01-08,Sri Lanka,23182165,525,47305,3,222,40838
372,2021-01-09,Sri Lanka,23181630,535,47840,7,229,41325
373,2021-01-10,Sri Lanka,23181090,540,48380,3,232,42091
374,2021-01-11,Sri Lanka,23180521,569,48949,0,232,42621
375,2021-01-12,Sri Lanka,23179933,588,49537,12,244,43267
376,2021-01-13,Sri Lanka,23179241,692,50229,3,247,43747
377,2021-01-14,Sri Lanka,23178571,670,50899,4,251,44259
378,2021-01-15,Sri Lanka,23177876,695,51594,4,255,44746
379,2021-01-16,Sri Lanka,23177157,719,52313,1,256,45171
380,2021-01-17,Sri Lanka,23176408,749,53062,8,264,45820
381,2021-01-18,Sri Lanka,23175720,688,53750,6,270,46594
382,2021-01-19,Sri Lanka,23175051,669,54419,3,273,47215
383,2021-01-20,Sri Lanka,23174281,770,55189,1,274,47984
384,2021-01-21,Sri Lanka,23173394,887,56076,2,276,48617
385,2021-01-22,Sri Lanka,23172607,787,56863,2,278,49261
386,2021-01-23,Sri Lanka,23171883,724,57587,2,280,49684
387,2021-01-24,Sri Lanka,23171040,843,58430,3,283,50337
388,2021-01-25,Sri Lanka,23170303,737,59167,0,283,51046
389,2021-01-26,Sri Lanka,23169548,755,59922,5,288,52566
390,2021-01-27,Sri Lanka,23168776,772,60694,2,290,54435
391,2021-01-28,Sri Lanka,23167884,892,61586,7,297,55398
392,2021-01-29,Sri Lanka,23167025,859,62445,8,305,56277
393,2021-01-30,Sri Lanka,23166177,848,63293,8,313,57159
394,2021-01-31,Sri Lanka,23165313,864,64157,3,316,58075
395,2021-02-01,Sri Lanka,23164487,826,64983,7,323,59043
396,2021-02-02,Sri Lanka,23163772,715,65698,7,330,59883
397,2021-02-03,Sri Lanka,23163061,711,66409,2,332,60567
398,2021-02-04,Sri Lanka,23162355,706,67115,7,339,61461
399,2021-02-05,Sri Lanka,23161620,735,67850,4,343,62594
400,2021-02-06,Sri Lanka,23160894,726,68576,8,351,63401
401,2021-02-07,Sri Lanka,23160122,772,69348,5,356,64141
402,2021-02-08,Sri Lanka,23159235,887,70235,9,365,65053
403,2021-02-09,Sri Lanka,23158259,976,71211,5,370,65644
404,2021-02-10,Sri Lanka,23157296,963,72174,5,375,66211
405,2021-02-11,Sri Lanka,23156354,942,73116,4,379,66984
406,2021-02-12,Sri Lanka,23155414,940,74056,5,384,67831
407,2021-02-13,Sri Lanka,23154618,796,74852,0,384,68696
408,2021-02-14,Sri Lanka,23153816,802,75654,13,397,69411
409,2021-02-15,Sri Lanka,23153042,774,76428,6,403,70429
410,2021-02-16,Sri Lanka,23152286,756,77184,6,409,71176
411,2021-02-17,Sri Lanka,23151564,722,77906,13,422,71823
412,2021-02-18,Sri Lanka,23151050,514,78420,8,430,72566
413,2021-02-19,Sri Lanka,23150533,517,78937,3,433,73456
414,2021-02-20,Sri Lanka,23149990,543,79480,2,435,74299
415,2021-02-21,Sri Lanka,23149471,519,79999,10,445,75110
416,2021-02-22,Sri Lanka,23148953,518,80517,5,450,75842
417,2021-02-23,Sri Lanka,23148461,492,81009,3,453,76514
418,2021-02-24,Sri Lanka,23148003,458,81467,4,457,76961
419,2021-02-25,Sri Lanka,23147537,466,81933,2,459,77625
420,2021-02-26,Sri Lanka,23147040,497,82430,5,464,78373
421,2021-02-27,Sri Lanka,23146580,460,82890,0,464,78947
422,2021-02-28,Sri Lanka,23146228,352,83242,7,471,79422
423,2021-03-01,Sri Lanka,23145918,310,83552,5,476,80020
424,2021-03-02,Sri Lanka,23145600,318,83870,7,483,80437
425,2021-03-03,Sri Lanka,23145244,356,84226,1,484,80836
426,2021-03-04,Sri Lanka,23144860,384,84610,5,489,81321
427,2021-03-05,Sri Lanka,23144510,350,84960,4,493,81769
428,2021-03-06,Sri Lanka,23144134,376,85336,0,493,82059
429,2021-03-07,Sri Lanka,23143775,359,85695,9,502,82513
430,2021-03-08,Sri Lanka,23143431,344,86039,5,507,82753
431,2021-03-09,Sri Lanka,23143127,304,86343,4,511,83210
432,2021-03-10,Sri Lanka,23142785,342,86685,0,511,83561
433,2021-03-11,Sri Lanka,23142481,304,86989,9,520,83958
434,2021-03-12,Sri Lanka,23142184,297,87286,5,525,84253
435,2021-03-13,Sri Lanka,23141870,314,87600,1,526,84648
436,2021-03-14,Sri Lanka,23141563,307,87907,1,527,84969
437,2021-03-15,Sri Lanka,23141232,331,88238,5,532,85371
438,2021-03-16,Sri Lanka,23140946,286,88524,2,534,85725
439,2021-03-17,Sri Lanka,23140608,338,88862,3,537,85944
440,2021-03-18,Sri Lanka,23140295,313,89175,1,538,86227
441,2021-03-19,Sri Lanka,23139973,322,89497,6,544,86466
442,2021-03-20,Sri Lanka,23139624,349,89846,0,544,86759
443,2021-03-21,Sri Lanka,23139270,354,90200,2,546,87058
444,2021-03-22,Sri Lanka,23138956,314,90514,5,551,87306
445,2021-03-23,Sri Lanka,23138705,251,90765,1,552,87630
446,2021-03-24,Sri Lanka,23138452,253,91018,0,552,87881
447,2021-03-25,Sri Lanka,23138181,271,91289,2,554,88145
448,2021-03-26,Sri Lanka,23137909,272,91561,3,557,88388
449,2021-03-27,Sri Lanka,23137631,278,91839,1,558,88623
450,2021-03-28,Sri Lanka,23137382,249,92088,3,561,88914
451,2021-03-29,Sri Lanka,23137167,215,92303,5,566,89090
452,2021-03-30,Sri Lanka,23137028,139,92442,0,566,89251
453,2021-03-31,Sri Lanka,23136764,264,92706,2,568,89407
454,2021-04-01,Sri Lanka,23136553,211,92917,3,571,89701
455,2021-04-02,Sri Lanka,23136342,211,93128,0,571,90021
456,2021-04-03,Sri Lanka,23136175,167,93295,4,575,90208
457,2021-04-04,Sri Lanka,23136034,141,93436,6,581,90563
458,2021-04-05,Sri Lanka,23135875,159,93595,0,581,90708
459,2021-04-06,Sri Lanka,23135698,177,93772,7,588,90917
460,2021-04-07,Sri Lanka,23135477,221,93993,3,591,91044
461,2021-04-08,Sri Lanka,23135134,343,94336,2,593,91272
462,2021-04-09,Sri Lanka,23134906,228,94564,0,593,91456
463,2021-04-10,Sri Lanka,23134622,284,94848,2,595,91631
464,2021-04-11,Sri Lanka,23134339,283,95131,3,598,91775
465,2021-04-12,Sri Lanka,23134076,263,95394,0,598,91926
466,2021-04-13,Sri Lanka,23133850,226,95620,4,602,92151
467,2021-04-14,Sri Lanka,23133733,117,95737,2,604,92308
468,2021-04-15,Sri Lanka,23133521,212,95949,4,608,92611
469,2021-04-16,Sri Lanka,23133284,237,96186,7,615,92832
470,2021-04-17,Sri Lanka,23133031,253,96439,2,617,93113
471,2021-04-18,Sri Lanka,23132674,357,96796,1,618,93374
472,2021-04-19,Sri Lanka,23132365,309,97105,2,620,93547
473,2021-04-20,Sri Lanka,23131998,367,97472,5,625,93668
474,2021-04-21,Sri Lanka,23131420,578,98050,5,630,93884
475,2021-04-22,Sri Lanka,23130748,672,98722,4,634,94035
476,2021-04-23,Sri Lanka,23129779,969,99691,0,634,94155
477,2021-04-24,Sri Lanka,23128884,895,100586,4,638,94311
478,2021-04-25,Sri Lanka,23128091,793,101379,4,642,94577
479,2021-04-26,Sri Lanka,23127094,997,102376,5,647,94856
480,2021-04-27,Sri Lanka,23125983,1111,103487,0,647,95083
481,2021-04-28,Sri Lanka,23124517,1466,104953,14,661,95445
482,2021-04-29,Sri Lanka,23122986,1531,106484,0,661,95975
483,2021-04-30,Sri Lanka,23121324,1662,108146,6,667,96478
484,2021-05-01,Sri Lanka,23119608,1716,109862,20,687,97242
485,2021-05-02,Sri Lanka,23117717,1891,111753,0,687,98209
486,2021-05-03,Sri Lanka,23115794,1923,113676,9,696,99153
487,2021-05-04,Sri Lanka,23113880,1914,115590,13,709,100075
488,2021-05-05,Sri Lanka,23111941,1939,117529,11,720,100885
489,2021-05-06,Sri Lanka,23110046,1895,119424,25,745,101763
490,2021-05-07,Sri Lanka,23108132,1914,121338,19,764,103098
491,2021-05-08,Sri Lanka,23106236,1896,123234,22,786,104463
492,2021-05-09,Sri Lanka,23103564,2672,125906,15,801,105611
493,2021-05-10,Sri Lanka,23100940,2624,128530,26,827,106641
494,2021-05-11,Sri Lanka,23098372,2568,131098,23,850,107657
495,2021-05-12,Sri Lanka,23095943,2429,133527,18,868,108802
496,2021-05-13,Sri Lanka,23093674,2269,135796,24,892,110108
497,2021-05-14,Sri Lanka,23091385,2289,138085,31,923,117220
498,2021-05-15,Sri Lanka,23088999,2386,140471,18,941,118322
499,2021-05-16,Sri Lanka,23086724,2275,142746,21,962,119629
500,2021-05-17,Sri Lanka,23084268,2456,145202,19,981,121145
501,2021-05-18,Sri Lanka,23081750,2518,147720,34,1015,146705
502,2021-05-19,Sri Lanka,23078127,3623,151343,36,1051,150292
503,2021-05-20,Sri Lanka,23074684,3443,154786,38,1089,153697
504,2021-05-21,Sri Lanka,23071137,3547,158333,0,1089,157244
505,2021-05-22,Sri Lanka,23068228,2909,161242,89,1178,160064
506,2021-05-23,Sri Lanka,23065269,2959,164201,32,1210,162991
507,2021-05-24,Sri Lanka,23062298,2971,167172,33,1243,165929
508,2021-05-25,Sri Lanka,23059570,2728,169900,26,1269,168631
509,2021-05-26,Sri Lanka,23057193,2377,172277,29,1298,170979
510,2021-05-27,Sri Lanka,23054609,2584,174861,27,1325,173536
511,2021-05-28,Sri Lanka,23051759,2850,177711,38,1363,176348
512,2021-05-29,Sri Lanka,23048877,2882,180593,42,1405,179188
513,2021-05-30,Sri Lanka,23046018,2859,183452,36,1441,182011
514,2021-05-31,Sri Lanka,23043106,2912,186364,43,1484,184880
515,2021-06-01,Sri Lanka,23040229,2877,189241,43,1527,187714
516,2021-06-02,Sri Lanka,23036923,3306,192547,39,1566,190981
517,2021-06-03,Sri Lanka,23033626,3297,195844,42,1608,194236
518,2021-06-04,Sri Lanka,23030216,3410,199254,48,1656,197598
519,2021-06-05,Sri Lanka,23027113,3103,202357,40,1696,200661
520,2021-06-06,Sri Lanka,23024137,2976,205333,46,1742,203591
521,2021-06-07,Sri Lanka,23021491,2646,207979,47,1789,206190
522,2021-06-08,Sri Lanka,23018809,2682,210661,55,1844,208817
523,2021-06-09,Sri Lanka,23016074,2735,213396,66,1910,211486
524,2021-06-10,Sri Lanka,23013336,2738,216134,101,2011,214123
525,2021-06-11,Sri Lanka,23010547,2789,218923,62,2073,216850
526,2021-06-12,Sri Lanka,23008193,2354,221277,63,2136,219141
527,2021-06-13,Sri Lanka,23005832,2361,223638,0,2136,221502
528,2021-06-14,Sri Lanka,23003548,2284,225922,67,2203,223719
529,2021-06-15,Sri Lanka,23001214,2334,228256,55,2258,225998
530,2021-06-16,Sri Lanka,22998778,2436,230692,59,2317,228375
531,2021-06-17,Sri Lanka,22996406,2372,233064,51,2368,230696
532,2021-06-18,Sri Lanka,22994057,2349,235413,55,2423,232990
533,2021-06-19,Sri Lanka,22991809,2248,237661,54,2477,235184
534,2021-06-20,Sri Lanka,22989781,2028,239689,47,2524,237165
535,2021-06-21,Sri Lanka,22987650,2131,241820,52,2576,239244
536,2021-06-22,Sri Lanka,22985557,2093,243913,71,2647,241266
537,2021-06-23,Sri Lanka,22983361,2196,246109,65,2712,243397
538,2021-06-24,Sri Lanka,22981420,1941,248050,45,2757,245293
539,2021-06-25,Sri Lanka,22979544,1876,249926,48,2805,247121
540,2021-06-26,Sri Lanka,22977719,1825,251751,43,2848,248903
541,2021-06-27,Sri Lanka,22975852,1867,253618,39,2887,250731
542,2021-06-28,Sri Lanka,22973962,1890,255508,41,2928,252580
543,2021-06-29,Sri Lanka,22972245,1717,257225,45,2973,254252
544,2021-06-30,Sri Lanka,22970381,1864,259089,47,3020,256069
545,2021-07-01,Sri Lanka,22968498,1883,260972,43,3063,257909
546,2021-07-02,Sri Lanka,22966675,1823,262795,37,3100,259695
547,2021-07-03,Sri Lanka,22965413,1262,264057,34,3134,260923
548,2021-07-04,Sri Lanka,22963840,1573,265630,45,3179,262451
549,2021-07-05,Sri Lanka,22962971,869,266499,32,3211,263288
550,2021-07-06,Sri Lanka,22962037,934,267433,45,3256,264177
551,2021-07-07,Sri Lanka,22960794,1243,268676,38,3294,265382
552,2021-07-08,Sri Lanka,22959524,1270,269946,40,3334,266612
553,2021-07-09,Sri Lanka,22957987,1537,271483,43,3377,268106
554,2021-07-10,Sri Lanka,22956439,1548,273031,33,3410,269621
555,2021-07-11,Sri Lanka,22954932,1507,274538,35,3445,271093
556,2021-07-12,Sri Lanka,22953364,1568,276106,31,3476,272630
557,2021-07-13,Sri Lanka,22951951,1413,277519,41,3517,274002
558,2021-07-14,Sri Lanka,22950411,1540,279059,37,3554,275505
559,2021-07-15,Sri Lanka,22948927,1484,280543,50,3604,276939
560,2021-07-16,Sri Lanka,22947410,1517,282060,41,3645,278415
561,2021-07-17,Sri Lanka,22945958,1452,283512,31,3676,279836
562,2021-07-18,Sri Lanka,22944538,1420,284932,46,3722,281210
563,2021-07-19,Sri Lanka,22943051,1487,286419,48,3770,282649
564,2021-07-20,Sri Lanka,22941497,1554,287973,43,3813,284160
565,2021-07-21,Sri Lanka,22939893,1604,289577,47,3860,285717
566,2021-07-22,Sri Lanka,22938172,1721,291298,42,3902,287396
567,2021-07-23,Sri Lanka,22936357,1815,293113,43,3945,289168
568,2021-07-24,Sri Lanka,22934620,1737,294850,52,3997,290853
569,2021-07-25,Sri Lanka,22932954,1666,296516,45,4042,292474
570,2021-07-26,Sri Lanka,22931289,1665,298181,48,4090,294091
571,2021-07-27,Sri Lanka,22929578,1711,299892,48,4138,295754
572,2021-07-28,Sri Lanka,22927638,1940,301832,63,4201,297631
573,2021-07-29,Sri Lanka,22925268,2370,304202,66,4267,299935
574,2021-07-30,Sri Lanka,22922808,2460,306662,56,4323,302339
575,2021-07-31,Sri Lanka,22920658,2150,308812,61,4384,304428
576,2021-08-01,Sri Lanka,22918121,2537,311349,67,4451,306898
577,2021-08-02,Sri Lanka,22915701,2420,313769,63,4514,309255
578,2021-08-03,Sri Lanka,22913276,2425,316194,74,4588,311606
579,2021-08-04,Sri Lanka,22910715,2561,318755,82,4670,314085
580,2021-08-05,Sri Lanka,22908041,2674,321429,94,4764,316665
581,2021-08-06,Sri Lanka,22905247,2794,324223,98,4862,319361
582,2021-08-07,Sri Lanka,22902432,2815,327038,98,4960,322078
583,2021-08-08,Sri Lanka,22899476,2956,329994,94,5054,324940
584,2021-08-09,Sri Lanka,22896523,2953,332947,111,5165,327782
585,2021-08-10,Sri Lanka,22890378,6145,339092,118,5283,333809
586,2021-08-11,Sri Lanka,22887391,2987,342079,124,5407,336672
587,2021-08-12,Sri Lanka,22884352,3039,345118,156,5563,339555
588,2021-08-13,Sri Lanka,22881200,3152,348270,155,5718,342552
589,2021-08-14,Sri Lanka,22877937,3263,351533,160,5878,345655
590,2021-08-15,Sri Lanka,22874502,3435,354968,161,6039,348929
591,2021-08-16,Sri Lanka,22867396,7106,362074,167,6206,355868
592,2021-08-17,Sri Lanka,22863787,3609,365683,171,6377,359306
593,2021-08-18,Sri Lanka,22860111,3676,369359,170,6547,362812
594,2021-08-19,Sri Lanka,22856305,3806,373165,243,6790,366375
595,2021-08-20,Sri Lanka,22847658,8647,381812,195,6985,374827
596,2021-08-21,Sri Lanka,22843774,3884,385696,198,7183,378513
597,2021-08-22,Sri Lanka,22839470,4304,390000,183,7366,382634
598,2021-08-23,Sri Lanka,22835115,4355,394355,194,7560,386795
599,2021-08-24,Sri Lanka,22830669,4446,398801,190,7750,391051
600,2021-08-25,Sri Lanka,22821702,8967,407768,198,7948,399820
601,2021-08-26,Sri Lanka,22817100,4602,412370,209,8157,404213
602,2021-08-27,Sri Lanka,22812509,4591,416961,214,8371,408590
603,2021-08-28,Sri Lanka,22807913,4596,421557,212,8583,412974
604,2021-08-29,Sri Lanka,22797951,9962,431519,192,8775,422744
605,2021-08-30,Sri Lanka,22793389,4562,436081,216,8991,427090
606,2021-08-31,Sri Lanka,22789168,4221,440302,194,9185,431117
607,2021-09-01,Sri Lanka,22785340,3828,444130,215,9400,434730
608,2021-09-02,Sri Lanka,22781713,3627,447757,204,9604,438153
609,2021-09-03,Sri Lanka,22778069,3644,451401,202,9806,441595
610,2021-09-04,Sri Lanka,22770011,8058,459459,145,9951,449508
611,2021-09-05,Sri Lanka,22766703,3308,462767,189,10140,452627
612,2021-09-06,Sri Lanka,22763521,3182,465949,180,10320,455629
613,2021-09-07,Sri Lanka,22757607,5914,471863,184,10504,461359
614,2021-09-08,Sri Lanka,22754690,2917,474780,185,10689,464091
615,2021-09-09,Sri Lanka,22751834,2856,477636,175,10864,466772
616,2021-09-10,Sri Lanka,22748992,2842,480478,131,10995,469483
617,2021-09-11,Sri Lanka,22746190,2802,483280,157,11152,472128
618,2021-09-12,Sri Lanka,22743548,2642,485922,144,11296,474626
619,2021-09-13,Sri Lanka,22740988,2560,488482,135,11431,477051
620,2021-09-14,Sri Lanka,22738513,2475,490957,136,11567,479390
621,2021-09-15,Sri Lanka,22733047,5466,496423,132,11699,484724
622,2021-09-16,Sri Lanka,22730776,2271,498694,118,11817,486877
623,2021-09-17,Sri Lanka,22728698,2078,500772,121,11938,488834
624,2021-09-18,Sri Lanka,22726712,1986,502758,84,12022,490736
625,2021-09-19,Sri Lanka,22724979,1733,504491,103,12125,492366
626,2021-09-20,Sri Lanka,22723461,1518,506009,93,12218,493791
627,2021-09-21,Sri Lanka,22722140,1321,507330,66,12284,495046
628,2021-09-22,Sri Lanka,22720798,1342,508672,92,12376,496296
629,2021-09-23,Sri Lanka,22719430,1368,510040,72,12448,497592
630,2021-09-24,Sri Lanka,22718098,1332,511372,82,12530,498842
631,2021-09-25,Sri Lanka,22716939,1159,512531,79,12609,499922
632,2021-09-26,Sri Lanka,22715861,1078,513609,71,12680,500929
633,2021-09-27,Sri Lanka,22714878,983,514592,51,12731,501861
634,2021-09-28,Sri Lanka,22713946,932,515524,55,12786,502738
635,2021-09-29,Sri Lanka,22713005,941,516465,61,12847,503618
636,2021-09-30,Sri Lanka,22712093,912,517377,59,12906,504471
637,2021-10-01,Sri Lanka,22710695,1398,518775,58,12964,505811
638,2021-10-02,Sri Lanka,22709840,855,519630,55,13019,506611
639,2021-10-03,Sri Lanka,22709038,802,520432,40,13059,507373
640,2021-10-04,Sri Lanka,22708252,786,521218,43,13102,508116
641,2021-10-05,Sri Lanka,22707468,784,522002,40,13142,508860
642,2021-10-06,Sri Lanka,22706692,776,522778,43,13185,509593
643,2021-10-07,Sri Lanka,22705920,772,523550,44,13229,510321
644,2021-10-08,Sri Lanka,22704533,1387,524937,38,13267,511670
645,2021-10-09,Sri Lanka,22703807,726,525663,29,13296,512367
646,2021-10-10,Sri Lanka,22703087,720,526383,35,13331,513052
647,2021-10-11,Sri Lanka,22702406,681,527064,23,13354,513710
648,2021-10-12,Sri Lanka,22701735,671,527735,23,13377,514358
649,2021-10-13,Sri Lanka,22700389,1346,529081,31,13408,515673
650,2021-10-14,Sri Lanka,22699715,674,529755,21,13429,516326
651,2021-10-15,Sri Lanka,22699049,666,530421,20,13449,516972
652,2021-10-16,Sri Lanka,22698400,649,531070,23,13472,517598
653,2021-10-17,Sri Lanka,22697822,578,531648,12,13484,518164
654,2021-10-18,Sri Lanka,22697252,570,532218,23,13507,518711
655,2021-10-19,Sri Lanka,22696704,548,532766,18,13525,519241
656,2021-10-20,Sri Lanka,22696165,539,533305,18,13543,519762
657,2021-10-21,Sri Lanka,22695610,555,533860,19,13562,520298
658,2021-10-22,Sri Lanka,22694495,1115,534975,12,13574,521401
659,2021-10-23,Sri Lanka,22693941,554,535529,19,13593,521936
660,2021-10-24,Sri Lanka,22693386,555,536084,18,13611,522473
661,2021-10-25,Sri Lanka,22692825,561,536645,29,13640,523005
662,2021-10-26,Sri Lanka,22692269,556,537201,14,13654,523547
663,2021-10-27,Sri Lanka,22691150,1119,538320,20,13674,524646
664,2021-10-28,Sri Lanka,22690610,540,538860,22,13696,525164
665,2021-10-29,Sri Lanka,22690054,556,539416,10,13706,525710
666,2021-10-30,Sri Lanka,22689489,565,539981,19,13725,526256
667,2021-10-31,Sri Lanka,22688397,1092,541073,18,13743,527330
668,2021-11-01,Sri Lanka,22687831,566,541639,17,13760,527879
669,2021-11-02,Sri Lanka,22687258,573,542212,10,13770,528442
670,2021-11-03,Sri Lanka,22686677,581,542793,21,13791,529002
671,2021-11-04,Sri Lanka,22686085,592,543385,15,13806,529579
672,2021-11-05,Sri Lanka,22685457,628,544013,15,13821,530192
673,2021-11-06,Sri Lanka,22684840,617,544630,20,13841,530789
674,2021-11-07,Sri Lanka,22684214,626,545256,15,13856,531400
675,2021-11-08,Sri Lanka,22683535,679,545935,19,13875,532060
676,2021-11-09,Sri Lanka,22682817,718,546653,17,13892,532761
677,2021-11-10,Sri Lanka,22682124,693,547346,16,13908,533438
678,2021-11-11,Sri Lanka,22681409,715,548061,19,13927,534134
679,2021-11-12,Sri Lanka,22680686,723,548784,23,13950,534834
680,2021-11-13,Sri Lanka,22679970,716,549500,22,13972,535528
681,2021-11-14,Sri Lanka,22677928,2042,551542,23,13995,537547
682,2021-11-15,Sri Lanka,22677196,732,552274,21,14016,538258
683,2021-11-16,Sri Lanka,22676476,720,552994,18,14034,538960
684,2021-11-17,Sri Lanka,22675748,728,553722,23,14057,539665
685,2021-11-18,Sri Lanka,22675011,737,554459,15,14072,540387
686,2021-11-19,Sri Lanka,22674266,745,555204,14,14086,541118
687,2021-11-20,Sri Lanka,22673541,725,555929,22,14108,541821
688,2021-11-21,Sri Lanka,22672844,697,556626,19,14127,542499
689,2021-11-22,Sri Lanka,22672109,735,557361,31,14158,543203
690,2021-11-23,Sri Lanka,22670610,1499,558860,24,14182,544678
691,2021-11-24,Sri Lanka,22669865,745,559605,23,14205,545400
692,2021-11-25,Sri Lanka,22669125,740,560345,27,14232,546113
693,2021-11-26,Sri Lanka,22668411,714,561059,26,14258,546801
694,2021-11-27,Sri Lanka,22667692,719,561778,20,14278,547500
695,2021-11-28,Sri Lanka,22666950,742,562520,27,14305,548215
696,2021-11-29,Sri Lanka,22666203,747,563267,23,14328,548939
697,2021-11-30,Sri Lanka,22665481,722,563989,18,14346,549643
698,2021-12-01,Sri Lanka,22664737,744,564733,26,14372,550361
699,2021-12-02,Sri Lanka,22663999,738,565471,27,14399,551072
700,2021-12-03,Sri Lanka,22663274,725,566196,20,14419,551777
701,2021-12-04,Sri Lanka,22662534,740,566936,21,14440,552496
702,2021-12-05,Sri Lanka,22661788,746,567682,21,14461,553221
703,2021-12-06,Sri Lanka,22661047,741,568423,23,14484,553939
704,2021-12-07,Sri Lanka,22660299,748,569171,21,14505,554666
705,2021-12-08,Sri Lanka,22659542,757,569928,28,14533,555395
706,2021-12-09,Sri Lanka,22658798,744,570672,22,14555,556117
707,2021-12-10,Sri Lanka,22658044,754,571426,18,14573,556853
708,2021-12-11,Sri Lanka,22657282,762,572188,22,14595,557593
709,2021-12-12,Sri Lanka,22656568,714,572902,19,14614,558288
710,2021-12-13,Sri Lanka,22655821,747,573649,27,14641,559008
711,2021-12-14,Sri Lanka,22653276,2545,576194,20,14661,561533
712,2021-12-15,Sri Lanka,22652504,772,576966,16,14677,562289
713,2021-12-16,Sri Lanka,22651746,758,577724,21,14698,563026
714,2021-12-17,Sri Lanka,22651031,715,578439,22,14720,563719
715,2021-12-18,Sri Lanka,22650336,695,579134,14,14734,564400
716,2021-12-19,Sri Lanka,22649785,551,579685,18,14752,564933
717,2021-12-20,Sri Lanka,22649261,524,580209,19,14771,565438
718,2021-12-21,Sri Lanka,22648478,783,580992,24,14795,566197
719,2021-12-22,Sri Lanka,22647875,603,581595,16,14811,566784
720,2021-12-23,Sri Lanka,22647321,554,582149,21,14832,567317
721,2021-12-24,Sri Lanka,22646748,573,582722,20,14852,567870
722,2021-12-25,Sri Lanka,22646219,529,583251,19,14871,568380
723,2021-12-26,Sri Lanka,22645821,398,583649,13,14884,568765
724,2021-12-27,Sri Lanka,22645363,458,584107,17,14901,569206
725,2021-12-28,Sri Lanka,22644884,479,584586,22,14923,569663
726,2021-12-29,Sri Lanka,22643287,1597,586183,21,14944,571239
727,2021-12-30,Sri Lanka,22642724,563,586746,18,14962,571784
728,2021-12-31,Sri Lanka,22642225,499,587245,17,14979,572266
729,2022-01-01,Sri Lanka,22641874,351,587596,16,14995,572601
730,2022-01-02,Sri Lanka,22641535,339,587935,24,15019,572916
731,2022-01-03,Sri Lanka,22641170,365,588300,18,15037,573263
732,2022-01-04,Sri Lanka,22640541,629,588929,18,15055,573874
733,2022-01-05,Sri Lanka,22639991,550,589479,10,15065,574414
734,2022-01-06,Sri Lanka,22639407,584,590063,18,15083,574980
735,2022-01-07,Sri Lanka,22638819,588,590651,16,15099,575552
736,2022-01-08,Sri Lanka,22638239,580,591231,13,15112,576119
737,2022-01-09,Sri Lanka,22637803,436,591667,7,15119,576548
738,2022-01-10,Sri Lanka,22637342,461,592128,15,15134,576994
739,2022-01-11,Sri Lanka,22636398,944,593072,15,15149,577923
740,2022-01-12,Sri Lanka,22635745,653,593725,14,15163,578562
741,2022-01-13,Sri Lanka,22635151,594,594319,11,15174,579145
742,2022-01-14,Sri Lanka,22634474,677,594996,16,15190,579806
743,2022-01-15,Sri Lanka,22633813,661,595657,7,15197,580460
744,2022-01-16,Sri Lanka,22633123,690,596347,14,15211,581136
745,2022-01-17,Sri Lanka,22632435,688,597035,7,15218,581817
746,2022-01-18,Sri Lanka,22631763,672,597707,13,15231,582476
747,2022-01-19,Sri Lanka,22630934,829,598536,12,15243,583293
748,2022-01-20,Sri Lanka,22630107,827,599363,12,15255,584108
749,2022-01-21,Sri Lanka,22629267,840,600203,17,15272,584931
750,2022-01-22,Sri Lanka,22628422,845,601048,12,15284,585764
751,2022-01-23,Sri Lanka,22627584,838,601886,15,15299,586587
752,2022-01-24,Sri Lanka,22626707,877,602763,14,15313,587450
753,2022-01-25,Sri Lanka,22625816,891,603654,17,15330,588324
754,2022-01-26,Sri Lanka,22624889,927,604581,16,15346,589235
755,2022-01-27,Sri Lanka,22622366,2523,607104,23,15369,591735
756,2022-01-28,Sri Lanka,22621405,961,608065,17,15386,592679
757,2022-01-29,Sri Lanka,22620423,982,609047,14,15400,593647
758,2022-01-30,Sri Lanka,22619367,1056,610103,20,15420,594683
759,2022-01-31,Sri Lanka,22618285,1082,611185,21,15441,595744
760,2022-02-01,Sri Lanka,22617148,1137,612322,32,15473,596849
761,2022-02-02,Sri Lanka,22615992,1156,613478,19,15492,597986
762,2022-02-03,Sri Lanka,22614811,1181,614659,23,15515,599144
763,2022-02-04,Sri Lanka,22613568,1243,615902,29,15544,600358
764,2022-02-05,Sri Lanka,22612281,1287,617189,28,15572,601617
765,2022-02-06,Sri Lanka,22610950,1331,618520,23,15595,602925
766,2022-02-07,Sri Lanka,22608738,2212,620732,26,15621,605111
767,2022-02-08,Sri Lanka,22607485,1253,621985,35,15656,606329
768,2022-02-09,Sri Lanka,22606222,1263,623248,36,15692,607556
769,2022-02-10,Sri Lanka,22604925,1297,624545,31,15723,608822
770,2022-02-11,Sri Lanka,22603666,1259,625804,0,15723,610081
771,2022-02-12,Sri Lanka,22602504,1162,626966,54,15777,611189
772,2022-02-13,Sri Lanka,22601354,1150,628116,31,15808,612308
773,2022-02-14,Sri Lanka,22600123,1231,629347,36,15844,613503
774,2022-02-15,Sri Lanka,22598871,1252,630599,30,15874,614725
775,2022-02-16,Sri Lanka,22597654,1217,631816,25,15899,615917
776,2022-02-17,Sri Lanka,22596419,1235,633051,27,15926,617125
777,2022-02-18,Sri Lanka,22595137,1282,634333,23,15949,618384
778,2022-02-19,Sri Lanka,22593864,1273,635606,20,15969,619637
779,2022-02-20,Sri Lanka,22592633,1231,636837,25,15994,620843
780,2022-02-21,Sri Lanka,22591427,1206,638043,30,16024,622019
781,2022-02-22,Sri Lanka,22590173,1254,639297,31,16055,623242
782,2022-02-23,Sri Lanka,22588892,1281,640578,31,16086,624492
783,2022-02-24,Sri Lanka,22587684,1208,641786,30,16116,625670
784,2022-02-25,Sri Lanka,22586398,1286,643072,26,16142,626930
785,2022-02-26,Sri Lanka,22585410,988,644060,24,16166,627894
786,2022-02-27,Sri Lanka,22584433,977,645037,24,16190,628847
787,2022-02-28,Sri Lanka,22583436,997,646034,32,16222,629812
788,2022-03-01,Sri Lanka,22582522,914,646948,22,16244,630704
789,2022-03-02,Sri Lanka,22581771,751,647699,23,16267,631432
790,2022-03-03,Sri Lanka,22581060,711,648410,20,16287,632123
791,2022-03-04,Sri Lanka,22580477,583,648993,20,16307,632686
792,2022-03-05,Sri Lanka,22579838,639,649632,14,16321,633311
793,2022-03-06,Sri Lanka,22579330,508,650140,10,16331,633809
794,2022-03-07,Sri Lanka,22578668,662,650802,8,16339,634463
795,2022-03-08,Sri Lanka,22575809,2859,653661,11,16350,637311
796,2022-03-09,Sri Lanka,22575134,675,654336,11,16361,637975
797,2022-03-10,Sri Lanka,22574554,580,654916,13,16374,638542
798,2022-03-11,Sri Lanka,22574087,467,655383,7,16381,639002
799,2022-03-12,Sri Lanka,22573740,347,655730,9,16390,639340
800,2022-03-13,Sri Lanka,22573429,311,656041,7,16397,639644
801,2022-03-14,Sri Lanka,22573084,345,656386,10,16407,639979
802,2022-03-15,Sri Lanka,22572656,428,656814,8,16415,640399
803,2022-03-16,Sri Lanka,22572336,320,657134,1,16416,640718
804,2022-03-17,Sri Lanka,22572035,301,657435,3,16419,641016
805,2022-03-18,Sri Lanka,22571747,288,657723,3,16422,641301
806,2022-03-19,Sri Lanka,22571509,238,657961,4,16426,641535
807,2022-03-20,Sri Lanka,22571273,236,658197,5,16431,641766
808,2022-03-21,Sri Lanka,22570977,296,658493,5,16436,642057
809,2022-03-22,Sri Lanka,22569881,1096,659589,4,16440,643149
810,2022-03-23,Sri Lanka,22569319,562,660151,5,16445,643706
811,2022-03-24,Sri Lanka,22569071,248,660399,5,16450,643949
812,2022-03-25,Sri Lanka,22568837,234,660633,2,16452,644181
813,2022-03-26,Sri Lanka,22568673,164,660797,2,16454,644343
814,2022-03-27,Sri Lanka,22568580,93,660890,5,16459,644431
815,2022-03-28,Sri Lanka,22568417,163,661053,6,16465,644588
816,2022-03-29,Sri Lanka,22568185,232,661285,4,16469,644816
817,2022-03-30,Sri Lanka,22568017,168,661453,4,16473,644980
818,2022-03-31,Sri Lanka,22567839,178,661631,4,16477,645154
819,2022-04-01,Sri Lanka,22567689,150,661781,2,16479,645302
820,2022-04-02,Sri Lanka,22567585,104,661885,1,16480,645405
821,2022-04-03,Sri Lanka,22567479,106,661991,1,16481,645510
822,2022-04-04,Sri Lanka,22567367,112,662103,4,16485,645618
823,2022-04-05,Sri Lanka,22567254,113,662216,0,16485,645731
824,2022-04-06,Sri Lanka,22567128,126,662342,1,16486,645856
825,2022-04-07,Sri Lanka,22567045,83,662425,2,16488,645937
826,2022-04-08,Sri Lanka,22566965,80,662505,1,16489,646016
827,2022-04-09,Sri Lanka,22566911,54,662559,0,16489,646070
828,2022-04-10,Sri Lanka,22566878,33,662592,0,16489,646103
829,2022-04-11,Sri Lanka,22566813,65,662657,3,16492,646165
830,2022-04-12,Sri Lanka,22566753,60,662717,0,16492,646225
831,2022-04-13,Sri Lanka,22566722,31,662748,2,16494,646254
832,2022-04-14,Sri Lanka,22566695,27,662775,1,16495,646280
833,2022-04-15,Sri Lanka,22566676,19,662794,0,16495,646299
834,2022-04-16,Sri Lanka,22566643,33,662827,0,16495,646332
835,2022-04-17,Sri Lanka,22566606,37,662864,1,16496,646368
836,2022-04-18,Sri Lanka,22566558,48,662912,0,16496,646416
837,2022-04-19,Sri Lanka,22566525,33,662945,1,16497,646448
838,2022-04-20,Sri Lanka,22566464,61,663006,0,16497,646509
839,2022-04-21,Sri Lanka,22566429,35,663041,2,16499,646542
840,2022-04-22,Sri Lanka,22566379,50,663091,1,16500,646591
841,2022-04-23,Sri Lanka,22566339,40,663131,2,16502,646629
842,2022-04-24,Sri Lanka,22566310,29,663160,0,16502,646658
843,2022-04-25,Sri Lanka,22566275,35,663195,0,16502,646693
844,2022-04-26,Sri Lanka,22566231,44,663239,1,16503,646736
845,2022-04-27,Sri Lanka,22566198,33,663272,1,16504,646768
846,2022-04-28,Sri Lanka,22566169,29,663301,0,16504,646797
847,2022-04-29,Sri Lanka,22566141,28,663329,0,16504,646825
848,2022-04-30,Sri Lanka,22566108,33,663362,0,16504,646858
849,2022-05-01,Sri Lanka,22566097,11,663373,1,16505,646868
850,2022-05-02,Sri Lanka,22566062,35,663408,0,16505,646903
851,2022-05-03,Sri Lanka,22566044,18,663426,1,16506,646920
852,2022-05-04,Sri Lanka,22566001,43,663469,1,16507,646962
853,2022-05-05,Sri Lanka,22565967,34,663503,0,16507,646996
854,2022-05-06,Sri Lanka,22565950,17,663520,1,16508,647012
855,2022-05-07,Sri Lanka,22565937,13,663533,1,16509,647024
856,2022-05-08,Sri Lanka,22565909,28,663561,0,16509,647052
857,2022-05-09,Sri Lanka,22565890,19,663580,0,16509,647071
858,2022-05-10,Sri Lanka,22565873,17,663597,0,16509,647088
859,2022-05-11,Sri Lanka,22565856,17,663614,1,16510,647104
860,2022-05-12,Sri Lanka,22565838,18,663632,0,16510,647122
861,2022-05-13,Sri Lanka,22565815,23,663655,1,16511,647144
862,2022-05-14,Sri Lanka,22565807,8,663663,0,16511,647152
863,2022-05-15,Sri Lanka,22565799,8,663671,0,16511,647160
864,2022-05-16,Sri Lanka,22565792,7,663678,0,16511,647167
865,2022-05-17,Sri Lanka,22565781,11,663689,0,16511,647178
866,2022-05-18,Sri Lanka,22565750,31,663720,0,16511,647209
867,2022-05-19,Sri Lanka,22565735,15,663735,1,16512,647223
868,2022-05-20,Sri Lanka,22565729,6,663741,0,16512,647229
869,2022-05-21,Sri Lanka,22565721,8,663749,0,16512,647237
870,2022-05-22,Sri Lanka,22565712,9,663758,0,16512,647246
871,2022-05-23,Sri Lanka,22565705,7,663765,0,16512,647253
872,2022-05-24,Sri Lanka,22565691,14,663779,1,16513,647266
873,2022-05-25,Sri Lanka,22565684,7,663786,0,16513,647273
874,2022-05-26,Sri Lanka,22565670,14,663800,0,16513,647287
875,2022-05-27,Sri Lanka,22565666,4,663804,1,16514,647290
876,2022-05-28,Sri Lanka,22565658,8,663812,1,16515,647297
877,2022-05-29,Sri Lanka,22565654,4,663816,1,16516,647300
878,2022-05-30,Sri Lanka,22565647,7,663823,1,16517,647306
879,2022-05-31,Sri Lanka,22565636,11,663834,0,16517,647317
880,2022-06-01,Sri Lanka,22565632,4,663838,1,16518,647320
881,2022-06-02,Sri Lanka,22565625,7,663845,0,16518,647327
882,2022-06-03,Sri Lanka,22565617,8,663853,0,16518,647335
883,2022-06-04,Sri Lanka,22565608,9,663862,0,16518,647344
884,2022-06-05,Sri Lanka,22565601,7,663869,0,16518,647351
885,2022-06-06,Sri Lanka,22565586,15,663884,0,16518,647366
886,2022-06-07,Sri Lanka,22565575,11,663895,0,16518,647377
887,2022-06-08,Sri Lanka,22565569,6,663901,0,16518,647383
888,2022-06-09,Sri Lanka,22565553,16,663917,0,16518,647399
889,2022-06-10,Sri Lanka,22565548,5,663922,0,16518,647404
890,2022-06-11,Sri Lanka,22565533,15,663937,1,16519,647418
891,2022-06-12,Sri Lanka,22565520,13,663950,0,16519,647431
892,2022-06-13,Sri Lanka,22565510,10,663960,0,16519,647441
893,2022-06-14,Sri Lanka,22565505,5,663965,0,16519,647446
894,2022-06-15,Sri Lanka,22565498,7,663972,0,16519,647453
895,2022-06-16,Sri Lanka,22565495,3,663975,0,16519,647456
896,2022-06-17,Sri Lanka,22565486,9,663984,1,16520,647464
897,2022-06-18,Sri Lanka,22565481,5,663989,0,16520,647469
898,2022-06-19,Sri Lanka,22565473,8,663997,0,16520,647477
899,2022-06-20,Sri Lanka,22565460,13,664010,0,16520,647490
900,2022-06-21,Sri Lanka,22565452,8,664018,0,16520,647498
901,2022-06-22,Sri Lanka,22565434,18,664036,0,16520,647516
902,2022-06-23,Sri Lanka,22565423,11,664047,0,16520,647527
903,2022-06-24,Sri Lanka,22565418,5,664052,1,16521,647531
904,2022-06-25,Sri Lanka,22565405,13,664065,0,16521,647544
905,2022-06-26,Sri Lanka,22565390,15,664080,0,16521,647559
906,2022-06-27,Sri Lanka,22565380,10,664090,0,16521,647569
907,2022-06-28,Sri Lanka,22565372,8,664098,0,16521,647577
908,2022-06-29,Sri Lanka,22565360,12,664110,0,16521,647589
909,2022-06-30,Sri Lanka,22565347,13,664123,0,16521,647602
910,2022-07-01,Sri Lanka,22565332,15,664138,0,16521,647617
911,2022-07-02,Sri Lanka,22565320,12,664150,0,16521,647629
912,2022-07-03,Sri Lanka,22565303,17,664167,1,16522,647645
913,2022-07-04,Sri Lanka,22565289,14,664181,0,16522,647659
914,2022-07-05,Sri Lanka,22565276,13,664194,1,16523,647671
915,2022-07-06,Sri Lanka,22565273,3,664197,1,16524,647673
916,2022-07-07,Sri Lanka,22565253,20,664217,1,16525,647692
917,2022-07-08,Sri Lanka,22565235,18,664235,0,16525,647710
918,2022-07-09,Sri Lanka,22565214,21,664256,0,16525,647731
919,2022-07-10,Sri Lanka,22565197,17,664273,0,16525,647748
920,2022-07-11,Sri Lanka,22565178,19,664292,1,16526,647766
921,2022-07-12,Sri Lanka,22565155,23,664315,0,16526,647789
922,2022-07-13,Sri Lanka,22565125,30,664345,0,16526,647819
923,2022-07-14,Sri Lanka,22565106,19,664364,0,16526,647838
924,2022-07-15,Sri Lanka,22565081,25,664389,0,16526,647863
925,2022-07-16,Sri Lanka,22565056,25,664414,2,16528,647886
926,2022-07-17,Sri Lanka,22565022,34,664448,0,16528,647920
927,2022-07-18,Sri Lanka,22564960,62,664510,0,16528,647982
928,2022-07-19,Sri Lanka,22564898,62,664572,3,16531,648041
929,2022-07-20,Sri Lanka,22564823,75,664647,2,16533,648114
930,2022-07-21,Sri Lanka,22564766,57,664704,2,16535,648169
931,2022-07-22,Sri Lanka,22564698,68,664772,1,16536,648236
932,2022-07-23,Sri Lanka,22564626,72,664844,1,16537,648307
933,2022-07-24,Sri Lanka,22564570,56,664900,0,16537,648363
934,2022-07-25,Sri Lanka,22564495,75,664975,2,16539,648436
935,2022-07-26,Sri Lanka,22564376,119,665094,5,16544,648550
936,2022-07-27,Sri Lanka,22564222,154,665248,4,16548,648700
937,2022-07-28,Sri Lanka,22564091,131,665379,0,16548,648831
938,2022-07-29,Sri Lanka,22563927,164,665543,5,16553,648990
939,2022-07-30,Sri Lanka,22563844,83,665626,3,16556,649070
940,2022-07-31,Sri Lanka,22563731,113,665739,0,16556,649183
941,2022-08-01,Sri Lanka,22563596,135,665874,3,16559,649315
942,2022-08-02,Sri Lanka,22563506,90,665964,7,16566,649398
943,2022-08-03,Sri Lanka,22563384,122,666086,8,16574,649512
944,2022-08-04,Sri Lanka,22563238,146,666232,0,16574,649658
945,2022-08-05,Sri Lanka,22563057,181,666413,4,16578,649835
946,2022-08-06,Sri Lanka,22562890,167,666580,5,16583,649997
947,2022-08-07,Sri Lanka,22562706,184,666764,3,16586,650178
948,2022-08-08,Sri Lanka,22562526,180,666944,2,16588,650356
949,2022-08-09,Sri Lanka,22562312,214,667158,6,16594,650564
950,2022-08-10,Sri Lanka,22562085,227,667385,9,16603,650782
951,2022-08-11,Sri Lanka,22561897,188,667573,2,16605,650968
952,2022-08-12,Sri Lanka,22561735,162,667735,9,16614,651121
953,2022-08-13,Sri Lanka,22561554,181,667916,5,16619,651297
954,2022-08-14,Sri Lanka,22561458,96,668012,2,16621,651391
955,2022-08-15,Sri Lanka,22561329,129,668141,3,16624,651517
956,2022-08-16,Sri Lanka,22561134,195,668336,6,16630,651706
957,2022-08-17,Sri Lanka,22560973,161,668497,5,16635,651862
958,2022-08-18,Sri Lanka,22560807,166,668663,5,16640,652023
959,2022-08-19,Sri Lanka,22560643,164,668827,6,16646,652181
960,2022-08-20,Sri Lanka,22560503,140,668967,4,16650,652317
961,2022-08-21,Sri Lanka,22560437,66,669033,4,16654,652379
962,2022-08-22,Sri Lanka,22560334,103,669136,6,16660,652476
963,2022-08-23,Sri Lanka,22560108,226,669362,4,16664,652698
964,2022-08-24,Sri Lanka,22560003,105,669467,5,16669,652798
965,2022-08-25,Sri Lanka,22559889,114,669581,6,16675,652906
966,2022-08-26,Sri Lanka,22559831,58,669639,4,16679,652960
967,2022-08-27,Sri Lanka,22559777,54,669693,6,16685,653008
968,2022-08-28,Sri Lanka,22559721,56,669749,2,16687,653062
969,2022-08-29,Sri Lanka,22559651,70,669819,5,16692,653127
970,2022-08-30,Sri Lanka,22559577,74,669893,3,16695,653198
971,2022-08-31,Sri Lanka,22559513,64,669957,3,16698,653259
972,2022-09-01,Sri Lanka,22559452,61,670018,1,16699,653319
973,2022-09-02,Sri Lanka,22559393,59,670077,4,16703,653374
974,2022-09-03,Sri Lanka,22559343,50,670127,4,16707,653420
975,2022-09-04,Sri Lanka,22559294,49,670176,4,16711,653465
976,2022-09-05,Sri Lanka,22559252,42,670218,1,16712,653506
977,2022-09-06,Sri Lanka,22559219,33,670251,4,16716,653535
978,2022-09-07,Sri Lanka,22559173,46,670297,3,16719,653578
979,2022-09-08,Sri Lanka,22559129,44,670341,5,16724,653617
980,2022-09-09,Sri Lanka,22559094,35,670376,1,16725,653651
981,2022-09-10,Sri Lanka,22559062,32,670408,2,16727,653681
982,2022-09-11,Sri Lanka,22559026,36,670444,1,16728,653716
983,2022-09-12,Sri Lanka,22558999,27,670471,3,16731,653740
984,2022-09-13,Sri Lanka,22558969,30,670501,5,16736,653765
985,2022-09-14,Sri Lanka,22558951,18,670519,1,16737,653782
986,2022-09-15,Sri Lanka,22558929,22,670541,1,16738,653803
987,2022-09-16,Sri Lanka,22558900,29,670570,4,16742,653828
988,2022-09-17,Sri Lanka,22558887,13,670583,2,16744,653839
989,2022-09-18,Sri Lanka,22558874,13,670596,3,16747,653849
990,2022-09-19,Sri Lanka,22558853,21,670617,1,16748,653869
991,2022-09-20,Sri Lanka,22558829,24,670641,0,16748,653893
992,2022-09-21,Sri Lanka,22558815,14,670655,3,16751,653904
993,2022-09-22,Sri Lanka,22558802,13,670668,1,16752,653916
994,2022-09-23,Sri Lanka,22558785,17,670685,1,16753,653932
995,2022-09-24,Sri Lanka,22558776,9,670694,1,16754,653940
996,2022-09-25,Sri Lanka,22558761,15,670709,1,16755,653954
997,2022-09-26,Sri Lanka,22558752,9,670718,1,16756,653962
998,2022-09-27,Sri Lanka,22558738,14,670732,1,16757,653975
999,2022-09-28,Sri Lanka,22558721,17,670749,2,16759,653990
1000,2022-09-29,Sri Lanka,22558707,14,670763,2,16761,654002
1001,2022-09-30,Sri Lanka,22558697,10,670773,0,16761,654012
1002,2022-10-01,Sri Lanka,22558690,7,670780,1,16762,654018
1003,2022-10-02,Sri Lanka,22558680,10,670790,0,16762,654028
1004,2022-10-03,Sri Lanka,22558665,15,670805,1,16763,654042
1005,2022-10-04,Sri Lanka,22558657,8,670813,1,16764,654049
1006,2022-10-05,Sri Lanka,22558650,7,670820,2,16766,654054
1007,2022-10-06,Sri Lanka,22558632,18,670838,0,16766,654072
1008,2022-10-07,Sri Lanka,22558626,6,670844,1,16767,654077
1009,2022-10-08,Sri Lanka,22558613,13,670857,0,16767,654090
1010,2022-10-09,Sri Lanka,22558601,12,670869,1,16768,654101
1011,2022-10-10,Sri Lanka,22558597,4,670873,0,16768,654105
1012,2022-10-11,Sri Lanka,22558586,11,670884,0,16768,654116
1013,2022-10-12,Sri Lanka,22558574,12,670896,0,16768,654128
1014,2022-10-13,Sri Lanka,22558571,3,670899,0,16768,654131
1015,2022-10-14,Sri Lanka,22558567,4,670903,0,16768,654135
1016,2022-10-15,Sri Lanka,22558552,15,670918,1,16769,654149
1017,2022-10-16,Sri Lanka,22558549,3,670921,0,16769,654152
1018,2022-10-17,Sri Lanka,22558541,8,670929,0,16769,654160
1019,2022-10-18,Sri Lanka,22558528,13,670942,1,16770,654172
1020,2022-10-19,Sri Lanka,22558518,10,670952,2,16772,654180
1021,2022-10-20,Sri Lanka,22558504,14,670966,1,16773,654193
1022,2022-10-21,Sri Lanka,22558493,11,670977,1,16774,654203
1023,2022-10-22,Sri Lanka,22558481,12,670989,0,16774,654215
1024,2022-10-23,Sri Lanka,22558476,5,670994,0,16774,654220
1025,2022-10-24,Sri Lanka,22558467,9,671003,0,16774,654229
1026,2022-10-25,Sri Lanka,22558455,12,671015,0,16774,654241
1027,2022-10-26,Sri Lanka,22558440,15,671030,2,16776,654254
1028,2022-10-27,Sri Lanka,22558433,7,671037,1,16777,654260
1029,2022-10-28,Sri Lanka,22558419,14,671051,2,16779,654272
1030,2022-10-29,Sri Lanka,22558411,8,671059,0,16779,654280
1031,2022-10-30,Sri Lanka,22558400,11,671070,0,16779,654291
1032,2022-10-31,Sri Lanka,22558383,17,671087,1,16780,654307
1033,2022-11-01,Sri Lanka,22558360,23,671110,1,16781,654329
1034,2022-11-02,Sri Lanka,22558345,15,671125,0,16781,654344
1035,2022-11-03,Sri Lanka,22558168,177,671302,1,16782,654520
1036,2022-11-04,Sri Lanka,22558160,8,671310,0,16782,654528
1037,2022-11-05,Sri Lanka,22558150,10,671320,0,16782,654538
1038,2022-11-06,Sri Lanka,22558142,8,671328,0,16782,654546
1039,2022-11-07,Sri Lanka,22558136,6,671334,0,16782,654552
1040,2022-11-08,Sri Lanka,22558120,16,671350,0,16782,654568
1041,2022-11-09,Sri Lanka,22558116,4,671354,1,16783,654571
1042,2022-11-10,Sri Lanka,22558101,15,671369,0,16783,654586
1043,2022-11-11,Sri Lanka,22558086,15,671384,1,16784,654600
1044,2022-11-12,Sri Lanka,22558064,22,671406,0,16784,654622
1045,2022-11-13,Sri Lanka,22558053,11,671417,0,16784,654633
1046,2022-11-14,Sri Lanka,22558039,14,671431,0,16784,654647
1047,2022-11-15,Sri Lanka,22558015,24,671455,0,16784,654671
1048,2022-11-16,Sri Lanka,22558015,0,671455,0,16784,654671
1049,2022-11-17,Sri Lanka,22558005,10,671465,1,16785,654680
1050,2022-11-18,Sri Lanka,22557989,16,671481,3,16788,654693
1051,2022-11-19,Sri Lanka,22557973,16,671497,3,16791,654706
1052,2022-11-20,Sri Lanka,22557965,8,671505,0,16791,654714
1053,2022-11-21,Sri Lanka,22557948,17,671522,2,16793,654729
1054,2022-11-22,Sri Lanka,22557924,24,671546,2,16795,654751
1055,2022-11-23,Sri Lanka,22557907,17,671563,0,16795,654768
1056,2022-11-24,Sri Lanka,22557884,23,671586,1,16796,654790
1057,2022-11-25,Sri Lanka,22557860,24,671610,1,16797,654813
1058,2022-11-26,Sri Lanka,22557844,16,671626,2,16799,654827
1059,2022-11-27,Sri Lanka,22557832,12,671638,1,16800,654838
1060,2022-11-28,Sri Lanka,22557828,4,671642,0,16800,654842
1061,2022-11-29,Sri Lanka,22557819,9,671651,2,16802,654849
1062,2022-11-30,Sri Lanka,22557799,20,671671,0,16802,654869
1063,2022-12-01,Sri Lanka,22557788,11,671682,1,16803,654879
1064,2022-12-02,Sri Lanka,22557783,5,671687,2,16805,654882
1065,2022-12-03,Sri Lanka,22557775,8,671695,0,16805,654890
1066,2022-12-04,Sri Lanka,22557767,8,671703,0,16805,654898
1067,2022-12-05,Sri Lanka,22557759,8,671711,0,16805,654906
1068,2022-12-06,Sri Lanka,22557756,3,671714,0,16805,654909
1069,2022-12-07,Sri Lanka,22557751,5,671719,1,16806,654913
1070,2022-12-08,Sri Lanka,22557748,3,671722,0,16806,654916
1071,2022-12-09,Sri Lanka,22557728,20,671742,1,16807,654935
1072,2022-12-10,Sri Lanka,22557725,3,671745,1,16808,654937
1073,2022-12-11,Sri Lanka,22557718,7,671752,0,16808,654944
1074,2022-12-12,Sri Lanka,22557714,4,671756,0,16808,654948
1075,2022-12-13,Sri Lanka,22557709,5,671761,0,16808,654953
1076,2022-12-14,Sri Lanka,22557700,9,671770,1,16809,654961
1077,2022-12-15,Sri Lanka,22557694,6,671776,2,16811,654965
1078,2022-12-16,Sri Lanka,22557677,17,671793,1,16812,654981
1079,2022-12-17,Sri Lanka,22557673,4,671797,1,16813,654984
1080,2022-12-18,Sri Lanka,22557662,11,671808,1,16814,654994
1081,2022-12-19,Sri Lanka,22557657,5,671813,0,16814,654999
1082,2022-12-20,Sri Lanka,22557653,4,671817,0,16814,655003
1083,2022-12-21,Sri Lanka,22557649,4,671821,0,16814,655007
1084,2022-12-22,Sri Lanka,22557639,10,671831,0,16814,655017
1085,2022-12-23,Sri Lanka,22557632,7,671838,0,16814,655024
1086,2022-12-24,Sri Lanka,22557627,5,671843,0,16814,655029
1087,2022-12-25,Sri Lanka,22557619,8,671851,1,16815,655036
1088,2022-12-26,Sri Lanka,22557615,4,671855,0,16815,655040
1089,2022-12-27,Sri Lanka,22557611,4,671859,0,16815,655044
1090,2022-12-28,Sri Lanka,22557607,4,671863,2,16817,655046
1091,2022-12-29,Sri Lanka,22557595,12,671875,0,16817,655058
1092,2022-12-30,Sri Lanka,22557591,4,671879,0,16817,655062
1093,2022-12-31,Sri Lanka,22557586,5,671884,0,16817,655067
1094,2023-01-01,Sri Lanka,22557579,7,671891,0,16817,655074
1095,2023-01-02,Sri Lanka,22557577,2,671893,0,16817,655076
1096,2023-01-03,Sri Lanka,22557572,5,671898,0,16817,655081
1097,2023-01-04,Sri Lanka,22557567,5,671903,0,16817,655086
1098,2023-01-05,Sri Lanka,22557564,3,671906,1,16818,655088
1099,2023-01-06,Sri Lanka,22557554,10,671916,0,16818,655098
1100,2023-01-07,Sri Lanka,22557547,7,671923,0,16818,655105
1101,2023-01-08,Sri Lanka,22557543,4,671927,0,16818,655109
1102,2023-01-09,Sri Lanka,22557541,2,671929,1,16819,655110
1103,2023-01-10,Sri Lanka,22557533,8,671937,1,16820,655117
1104,2023-01-11,Sri Lanka,22557528,5,671942,0,16820,655122
1105,2023-01-12,Sri Lanka,22557522,6,671948,1,16821,655127
1106,2023-01-13,Sri Lanka,22557516,6,671954,0,16821,655133
1107,2023-01-14,Sri Lanka,22557511,5,671959,1,16822,655137
1108,2023-01-15,Sri Lanka,22557507,4,671963,1,16823,655140
1109,2023-01-16,Sri Lanka,22557506,1,671964,0,16823,655141
1110,2023-01-17,Sri Lanka,22557504,2,671966,1,16824,655142
1111,2023-01-18,Sri Lanka,22557502,2,671968,0,16824,655144
1112,2023-01-19,Sri Lanka,22557500,2,671970,0,16824,655146
1113,2023-01-20,Sri Lanka,22557496,4,671974,0,16824,655150
1114,2023-01-21,Sri Lanka,22557494,2,671976,1,16825,655151
1115,2023-01-22,Sri Lanka,22557494,0,671976,0,16825,655151
1116,2023-01-23,Sri Lanka,22557489,5,671981,0,16825,655156
1117,2023-01-24,Sri Lanka,22557487,2,671983,1,16826,655157
1118,2023-01-25,Sri Lanka,22557486,1,671984,0,16826,655158
1119,2023-01-26,Sri Lanka,22557485,1,671985,0,16826,655159
1120,2023-01-27,Sri Lanka,22557484,1,671986,0,16826,655160
1121,2023-01-28,Sri Lanka,22557484,0,671986,0,16826,655160
1122,2023-01-29,Sri Lanka,22557483,1,671987,1,16827,655160
1123,2023-01-30,Sri Lanka,22557483,0,671987,1,16828,655159
1124,2023-01-31,Sri Lanka,22557482,1,671988,0,16828,655160
1125,2023-02-01,Sri Lanka,22557481,1,671989,0,16828,655161
1126,2023-02-02,Sri Lanka,22557479,2,671991,0,16828,655163
1127,2023-02-03,Sri Lanka,22557476,3,671994,0,16828,655166
1128,2023-02-04,Sri Lanka,22557475,1,671995,0,16828,655167
1129,2023-02-05,Sri Lanka,22557470,5,672000,0,16828,655172
1130,2023-02-06,Sri Lanka,22557470,0,672000,0,16828,655172
1131,2023-02-07,Sri Lanka,22557468,2,672002,0,16828,655174
1132,2023-02-08,Sri Lanka,22557467,1,672003,0,16828,655175
1133,2023-02-09,Sri Lanka,22557466,1,672004,0,16828,655176
1134,2023-02-10,Sri Lanka,22557465,1,672005,0,16828,655177
1135,2023-02-11,Sri Lanka,22557463,2,672007,0,16828,655179
1136,2023-02-12,Sri Lanka,22557463,0,672007,0,16828,655179
1137,2023-02-13,Sri Lanka,22557461,2,672009,1,16829,655180
1138,2023-02-14,Sri Lanka,22557458,3,672012,0,16829,655183
1139,2023-02-15,Sri Lanka,22557455,3,672015,0,16829,655186
1140,2023-02-16,Sri Lanka,22557454,1,672016,0,16829,655187
1141,2023-02-17,Sri Lanka,22557453,1,672017,0,16829,655188
1142,2023-02-18,Sri Lanka,22557452,1,672018,0,16829,655189
1143,2023-02-19,Sri Lanka,22557450,2,672020,0,16829,655191
1144,2023-02-20,Sri Lanka,22557449,1,672021,0,16829,655192
1145,2023-02-21,Sri Lanka,22557448,1,672022,0,16829,655193
1146,2023-02-22,Sri Lanka,22557447,1,672023,0,16829,655194
1147,2023-02-23,Sri Lanka,22557446,1,672024,0,16829,655195
1148,2023-02-24,Sri Lanka,22557445,1,672025,1,16830,655195
1149,2023-02-25,Sri Lanka,22557444,1,672026,0,16830,655196
1150,2023-02-26,Sri Lanka,22557444,0,672026,0,16830,655196
1151,2023-02-27,Sri Lanka,22557443,1,672027,0,16830,655197
1152,2023-02-28,Sri Lanka,22557441,2,672029,0,16830,655199
1153,2023-03-01,Sri Lanka,22557440,1,672030,0,16830,655200
1154,2023-03-02,Sri Lanka,22557439,1,672031,0,16830,655201
1155,2023-03-03,Sri Lanka,22557439,0,672031,0,16830,655201
1156,2023-03-04,Sri Lanka,22557438,1,672032,0,16830,655202
1157,2023-03-05,Sri Lanka,22557438,0,672032,0,16830,655202
1158,2023-03-06,Sri Lanka,22557436,2,672034,0,16830,655204
1159,2023-03-07,Sri Lanka,22557436,0,672034,0,16830,655204
1160,2023-03-08,Sri Lanka,22557434,2,672036,0,16830,655206
1161,2023-03-09,Sri Lanka,22557433,1,672037,0,16830,655207
1162,2023-03-10,Sri Lanka,22557431,2,672039,0,16830,655209
1163,2023-03-11,Sri Lanka,22557430,1,672040,0,16830,655210
1164,2023-03-12,Sri Lanka,22557430,0,672040,0,16830,655210
1165,2023-03-13,Sri Lanka,22557429,1,672041,0,16830,655211
1166,2023-03-14,Sri Lanka,22557427,2,672043,1,16831,655212
1167,2023-03-15,Sri Lanka,22557423,4,672047,0,16831,655216
1168,2023-03-16,Sri Lanka,22557422,1,672048,0,16831,655217
1169,2023-03-17,Sri Lanka,22557422,0,672048,0,16831,655217
1170,2023-03-18,Sri Lanka,22557419,3,672051,0,16831,655220
1171,2023-03-19,Sri Lanka,22557418,1,672052,0,16831,655221
1172,2023-03-20,Sri Lanka,22557417,1,672053,0,16831,655222
1173,2023-03-21,Sri Lanka,22557416,1,672054,1,16832,655222
1174,2023-03-22,Sri Lanka,22557412,4,672058,0,16832,655226
1175,2023-03-23,Sri Lanka,22557411,1,672059,1,16833,655226
1176,2023-03-24,Sri Lanka,22557409,2,672061,0,16833,655228
1177,2023-03-25,Sri Lanka,22557407,2,672063,0,16833,655230
1178,2023-03-26,Sri Lanka,22557407,0,672063,0,16833,655230
1179,2023-03-27,Sri Lanka,22557406,1,672064,0,16833,655231
1180,2023-03-28,Sri Lanka,22557402,4,672068,1,16834,655234
1181,2023-03-29,Sri Lanka,22557402,0,672068,0,16834,655234
1182,2023-03-30,Sri Lanka,22557401,1,672069,0,16834,655235
1183,2023-03-31,Sri Lanka,22557401,0,672069,0,16834,655235
1184,2023-04-01,Sri Lanka,22557396,5,672074,0,16834,655240
1185,2023-04-02,Sri Lanka,22557394,2,672076,0,16834,655242
1186,2023-04-03,Sri Lanka,22557393,1,672077,0,16834,655243
1187,2023-04-04,Sri Lanka,22557391,2,672079,0,16834,655245
1188,2023-04-05,Sri Lanka,22557387,4,672083,0,16834,655249
1189,2023-04-06,Sri Lanka,22557386,1,672084,0,16834,655250
1190,2023-04-07,Sri Lanka,22557384,2,672086,0,16834,655252
1191,2023-04-08,Sri Lanka,22557383,1,672087,0,16834,655253
1192,2023-04-09,Sri Lanka,22557381,2,672089,0,16834,655255
1193,2023-04-10,Sri Lanka,22557379,2,672091,0,16834,655257
1194,2023-04-11,Sri Lanka,22557378,1,672092,1,16835,655257
1195,2023-04-12,Sri Lanka,22557376,2,672094,0,16835,655259
1196,2023-04-13,Sri Lanka,22557373,3,672097,0,16835,655262
1197,2023-04-14,Sri Lanka,22557369,4,672101,0,16835,655266
1198,2023-04-15,Sri Lanka,22557367,2,672103,0,16835,655268
1199,2023-04-16,Sri Lanka,22557366,1,672104,0,16835,655269
1200,2023-04-17,Sri Lanka,22557364,2,672106,0,16835,655271
1201,2023-04-18,Sri Lanka,22557360,4,672110,0,16835,655275
1202,2023-04-19,Sri Lanka,22557352,8,672118,0,16835,655283
1203,2023-04-20,Sri Lanka,22557347,5,672123,0,16835,655288
1204,2023-04-21,Sri Lanka,22557343,4,672127,1,16836,655291
1205,2023-04-22,Sri Lanka,22557340,3,672130,2,16838,655292
1206,2023-04-23,Sri Lanka,22557338,2,672132,0,16838,655294
1207,2023-04-24,Sri Lanka,22557334,4,672136,0,16838,655298
1208,2023-04-25,Sri Lanka,22557331,3,672139,1,16839,655300
1209,2023-04-26,Sri Lanka,22557327,4,672143,2,16841,655302
1210,2023-04-27,Sri Lanka,22557320,7,672150,0,16841,655309
1211,2023-04-28,Sri Lanka,22557317,3,672153,0,16841,655312
1212,2023-04-29,Sri Lanka,22557311,6,672159,1,16842,655317
1213,2023-04-30,Sri Lanka,22557306,5,672164,0,16842,655322
1214,2023-05-01,Sri Lanka,22557299,7,672171,0,16842,655329
1215,2023-05-02,Sri Lanka,22557293,6,672177,1,16843,655334
1216,2023-05-03,Sri Lanka,22557287,6,672183,1,16844,655339
1217,2023-05-04,Sri Lanka,22557282,5,672188,0,16844,655344
1218,2023-05-05,Sri Lanka,22557276,6,672194,0,16844,655350
1219,2023-05-06,Sri Lanka,22557263,13,672207,0,16844,655363
1220,2023-05-07,Sri Lanka,22557255,8,672215,3,16847,655368
1221,2023-05-08,Sri Lanka,22557249,6,672221,0,16847,655374
1222,2023-05-09,Sri Lanka,22557243,6,672227,2,16849,655378
1223,2023-05-10,Sri Lanka,22557238,5,672232,1,16850,655382
1224,2023-05-11,Sri Lanka,22557229,9,672241,1,16851,655390
1225,2023-05-12,Sri Lanka,22557205,24,672265,0,16851,655414
1226,2023-05-13,Sri Lanka,22557195,10,672275,2,16853,655422
1227,2023-05-14,Sri Lanka,22557187,8,672283,2,16855,655428
1228,2023-05-15,Sri Lanka,22557177,10,672293,0,16855,655438
1229,2023-05-16,Sri Lanka,22557166,11,672304,1,16856,655448
1230,2023-05-17,Sri Lanka,22557153,13,672317,0,16856,655461
1231,2023-05-18,Sri Lanka,22557148,5,672322,2,16858,655464
1232,2023-05-19,Sri Lanka,22557128,20,672342,3,16861,655481
1233,2023-05-20,Sri Lanka,22557113,15,672357,3,16864,655493
1234,2023-05-21,Sri Lanka,22557104,9,672366,1,16865,655501
1235,2023-05-22,Sri Lanka,22557099,5,672371,0,16865,655506
1236,2023-05-23,Sri Lanka,22557090,9,672380,3,16868,655512
1237,2023-05-24,Sri Lanka,22557077,13,672393,1,16869,655524
1238,2023-05-25,Sri Lanka,22557062,15,672408,1,16870,655538
1239,2023-05-26,Sri Lanka,22557051,11,672419,0,16870,655549
1240,2023-05-27,Sri Lanka,22557040,11,672430,0,16870,655560
1241,2023-05-28,Sri Lanka,22557031,9,672439,0,16870,655569
1242,2023-05-29,Sri Lanka,22557026,5,672444,0,16870,655574
1243,2023-05-30,Sri Lanka,22557021,5,672449,2,16872,655577
1244,2023-05-31,Sri Lanka,22557011,10,672459,0,16872,655587
1245,2023-06-01,Sri Lanka,22557003,8,672467,1,16873,655594
1246,2023-06-02,Sri Lanka,22556995,8,672475,0,16873,655602
1247,2023-06-03,Sri Lanka,22556988,7,672482,0,16873,655609
1248,2023-06-04,Sri Lanka,22556985,3,672485,2,16875,655610
1249,2023-06-05,Sri Lanka,22556983,2,672487,0,16875,655612
1250,2023-06-06,Sri Lanka,22556980,3,672490,1,16876,655614
1251,2023-06-07,Sri Lanka,22556975,5,672495,0,16876,655619
1252,2023-06-08,Sri Lanka,22556970,5,672500,0,16876,655624
1253,2023-06-09,Sri Lanka,22556968,2,672502,0,16876,655626
1254,2023-06-10,Sri Lanka,22556961,7,672509,0,16876,655633
1255,2023-06-11,Sri Lanka,22556956,5,672514,0,16876,655638
1256,2023-06-12,Sri Lanka,22556954,2,672516,0,16876,655640
1257,2023-06-13,Sri Lanka,22556952,2,672518,0,16876,655642
1258,2023-06-14,Sri Lanka,22556950,2,672520,0,16876,655644
1259,2023-06-15,Sri Lanka,22556948,2,672522,0,16876,655646
1260,2023-06-16,Sri Lanka,22556947,1,672523,1,16877,655646
1261,2023-06-17,Sri Lanka,22556945,2,672525,0,16877,655648
1262,2023-06-18,Sri Lanka,22556943,2,672527,0,16877,655650
1263,2023-06-19,Sri Lanka,22556942,1,672528,0,16877,655651
1264,2023-06-20,Sri Lanka,22556941,1,672529,0,16877,655652
1265,2023-06-21,Sri Lanka,22556940,1,672530,0,16877,655653
1266,2023-06-22,Sri Lanka,22556939,1,672531,0,16877,655654
1267,2023-06-23,Sri Lanka,22556938,1,672532,0,16877,655655
1268,2023-06-24,Sri Lanka,22556937,1,672533,0,16877,655656
1269,2023-06-25,Sri Lanka,22556936,1,672534,0,16877,655657
1270,2023-06-26,Sri Lanka,22556935,1,672535,0,16877,655658
1271,2023-06-27,Sri Lanka,22556932,3,672538,1,16878,655660
1272,2023-06-28,Sri Lanka,22556931,1,672539,1,16879,655660
1273,2023-06-29,Sri Lanka,22556931,0,672539,0,16879,655660
1274,2023-06-30,Sri Lanka,22556929,2,672541,0,16879,655662
1275,2023-07-01,Sri Lanka,22556928,1,672542,0,16879,655663
1276,2023-07-02,Sri Lanka,22556928,0,672542,0,16879,655663
1277,2023-07-03,Sri Lanka,22556927,1,672543,0,16879,655664
1278,2023-07-04,Sri Lanka,22556926,1,672544,0,16879,655665
1279,2023-07-05,Sri Lanka,22556925,1,672545,0,16879,655666
1280,2023-07-06,Sri Lanka,22556921,4,672549,1,16880,655669
1281,2023-07-07,Sri Lanka,22556920,1,672550,0,16880,655670
1282,2023-07-08,Sri Lanka,22556919,1,672551,0,16880,655671
1283,2023-07-09,Sri Lanka,22556918,1,672552,0,16880,655672
1284,2023-07-10,Sri Lanka,22556916,2,672554,0,16880,655674
1285,2023-07-11,Sri Lanka,22556916,0,672554,0,16880,655674
1286,2023-07-12,Sri Lanka,22556916,0,672554,0,16880,655674
1287,2023-07-13,Sri Lanka,22556914,2,672556,0,16880,655676
1288,2023-07-14,Sri Lanka,22556912,2,672558,0,16880,655678
1289,2023-07-15,Sri Lanka,22556911,1,672559,0,16880,655679
1290,2023-07-16,Sri Lanka,22556910,1,672560,0,16880,655680
1291,2023-07-17,Sri Lanka,22556909,1,672561,0,16880,655681
1292,2023-07-18,Sri Lanka,22556909,0,672561,0,16880,655681
1293,2023-07-19,Sri Lanka,22556909,0,672561,0,16880,655681
1294,2023-07-20,Sri Lanka,22556909,0,672561,0,16880,655681
1295,2023-07-21,Sri Lanka,22556907,2,672563,0,16880,655683
1296,2023-07-22,Sri Lanka,22556907,0,672563,0,16880,655683
1297,2023-07-23,Sri Lanka,22556907,0,672563,0,16880,655683
1298,2023-07-24,Sri Lanka,22556907,0,672563,0,16880,655683
1299,2023-07-25,Sri Lanka,22556906,1,672564,0,16880,655684
1300,2023-07-26,Sri Lanka,22556906,0,672564,0,16880,655684
1301,2023-07-27,Sri Lanka,22556904,2,672566,0,16880,655686
1302,2023-07-28,Sri Lanka,22556904,0,672566,0,16880,655686
1303,2023-07-29,Sri Lanka,22556903,1,672567,0,16880,655687
1304,2023-07-30,Sri Lanka,22556902,1,672568,0,16880,655688
1305,2023-07-31,Sri Lanka,22556901,1,672569,0,16880,655689
1306,2023-08-01,Sri Lanka,22556901,0,672569,0,16880,655689
1307,2023-08-02,Sri Lanka,22556901,0,672569,0,16880,655689
1308,2023-08-03,Sri Lanka,22556901,0,672569,0,16880,655689
1309,2023-08-04,Sri Lanka,22556901,0,672569,1,16881,655688
1310,2023-08-05,Sri Lanka,22556901,0,672569,1,16882,655687
1311,2023-08-06,Sri Lanka,22556901,0,672569,0,16882,655687
1312,2023-08-07,Sri Lanka,22556901,0,672569,0,16882,655687
1313,2023-08-08,Sri Lanka,22556901,0,672569,0,16882,655687
1314,2023-08-09,Sri Lanka,22556900,1,672570,0,16882,655688
1315,2023-08-10,Sri Lanka,22556898,2,672572,0,16882,655690
1316,2023-08-11,Sri Lanka,22556898,0,672572,0,16882,655690
1317,2023-08-12,Sri Lanka,22556897,1,672573,0,16882,655691
1318,2023-08-13,Sri Lanka,22556897,0,672573,0,16882,655691
1319,2023-08-14,Sri Lanka,22556897,0,672573,0,16882,655691
1320,2023-08-15,Sri Lanka,22556897,0,672573,0,16882,655691
1321,2023-08-16,Sri Lanka,22556896,1,672574,0,16882,655692
1322,2023-08-17,Sri Lanka,22556896,0,672574,0,16882,655692
1323,2023-08-18,Sri Lanka,22556896,0,672574,0,16882,655692
1324,2023-08-19,Sri Lanka,22556895,1,672575,0,16882,655693
1325,2023-08-20,Sri Lanka,22556895,0,672575,0,16882,655693
1326,2023-08-21,Sri Lanka,22556895,0,672575,0,16882,655693
1327,2023-08-22,Sri Lanka,22556894,1,672576,0,16882,655694
1328,2023-08-23,Sri Lanka,22556894,0,672576,0,16882,655694
1329,2023-08-24,Sri Lanka,22556894,0,672576,0,16882,655694
1330,2023-08-25,Sri Lanka,22556893,1,672577,0,16882,655695
1331,2023-08-26,Sri Lanka,22556893,0,672577,0,16882,655695
1332,2023-08-27,Sri Lanka,22556893,0,672577,0,16882,655695
1333,2023-08-28,Sri Lanka,22556892,1,672578,0,16882,655696
1334,2023-08-29,Sri Lanka,22556892,0,672578,0,16882,655696
1335,2023-08-30,Sri Lanka,22556891,1,672579,0,16882,655697
1336,2023-08-31,Sri Lanka,22556891,0,672579,0,16882,655697
1337,2023-09-01,Sri Lanka,22556891,0,672579,0,16882,655697
1338,2023-09-02,Sri Lanka,22556891,0,672579,0,16882,655697
1339,2023-09-03,Sri Lanka,22556891,0,672579,0,16882,655697
1340,2023-09-04,Sri Lanka,22556891,0,672579,0,16882,655697
1341,2023-09-05,Sri Lanka,22556891,0,672579,0,16882,655697
1342,2023-09-06,Sri Lanka,22556891,0,672579,0,16882,655697
1343,2023-09-07,Sri Lanka,22556891,0,672579,0,16882,655697
1344,2023-09-08,Sri Lanka,22556891,0,672579,0,16882,655697
1345,2023-09-09,Sri Lanka,22556891,0,672579,0,16882,655697
1346,2023-09-10,Sri Lanka,22556891,0,672579,0,16882,655697
1347,2023-09-11,Sri Lanka,22556891,0,672579,0,16882,655697
1348,2023-09-12,Sri Lanka,22556890,1,672580,0,16882,655698
1349,2023-09-13,Sri Lanka,22556889,1,672581,0,16882,655699
1350,2023-09-14,Sri Lanka,22556888,1,672582,0,16882,655700
1351,2023-09-15,Sri Lanka,22556888,0,672582,0,16882,655700
1352,2023-09-16,Sri Lanka,22556888,0,672582,0,16882,655700
1353,2023-09-17,Sri Lanka,22556887,1,672583,0,16882,655701
1354,2023-09-18,Sri Lanka,22556887,0,672583,0,16882,655701
1355,2023-09-19,Sri Lanka,22556887,0,672583,0,16882,655701
1356,2023-09-20,Sri Lanka,22556886,1,672584,0,16882,655702
1357,2023-09-21,Sri Lanka,22556885,1,672585,0,16882,655703
1358,2023-09-22,Sri Lanka,22556883,2,672587,0,16882,655705
1359,2023-09-23,Sri Lanka,22556883,0,672587,0,16882,655705
1360,2023-09-24,Sri Lanka,22556883,0,672587,0,16882,655705
1361,2023-09-25,Sri Lanka,22556882,1,672588,0,16882,655706
1362,2023-09-26,Sri Lanka,22556882,0,672588,0,16882,655706
1363,2023-09-27,Sri Lanka,22556881,1,672589,0,16882,655707
1364,2023-09-28,Sri Lanka,22556881,0,672589,0,16882,655707
1365,2023-09-29,Sri Lanka,22556881,0,672589,0,16882,655707
1366,2023-09-30,Sri Lanka,22556881,0,672589,0,16882,655707
1367,2023-10-01,Sri Lanka,22556881,0,672589,0,16882,655707
1368,2023-10-02,Sri Lanka,22556881,0,672589,0,16882,655707
1369,2023-10-03,Sri Lanka,22556881,0,672589,0,16882,655707
1370,2023-10-04,Sri Lanka,22556881,0,672589,0,16882,655707
1371,2023-10-05,Sri Lanka,22556881,0,672589,0,16882,655707
1372,2023-10-06,Sri Lanka,22556881,0,672589,0,16882,655707
1373,2023-10-07,Sri Lanka,22556881,0,672589,0,16882,655707
1374,2023-10-08,Sri Lanka,22556880,1,672590,0,16882,655708
1375,2023-10-09,Sri Lanka,22556880,0,672590,0,16882,655708
1376,2023-10-10,Sri Lanka,22556879,1,672591,0,16882,655709
1377,2023-10-11,Sri Lanka,22556878,1,672592,0,16882,655710
1378,2023-10-12,Sri Lanka,22556878,0,672592,0,16882,655710
1379,2023-10-13,Sri Lanka,22556878,0,672592,0,16882,655710
1380,2023-10-14,Sri Lanka,22556878,0,672592,0,16882,655710
1381,2023-10-15,Sri Lanka,22556877,1,672593,0,16882,655711
1382,2023-10-16,Sri Lanka,22556877,0,672593,0,16882,655711
1383,2023-10-17,Sri Lanka,22556877,0,672593,0,16882,655711
1384,2023-10-18,Sri Lanka,22556876,1,672594,0,16882,655712
1385,2023-10-19,Sri Lanka,22556876,0,672594,0,16882,655712
1386,2023-10-20,Sri Lanka,22556875,1,672595,0,16882,655713
1387,2023-10-21,Sri Lanka,22556874,1,672596,0,16882,655714
1388,2023-10-22,Sri Lanka,22556873,1,672597,0,16882,655715
1389,2023-10-23,Sri Lanka,22556873,0,672597,1,16883,655714
1390,2023-10-24,Sri Lanka,22556873,0,672597,0,16883,655714
1391,2023-10-25,Sri Lanka,22556873,0,672597,0,16883,655714
1392,2023-10-26,Sri Lanka,22556873,0,672597,0,16883,655714
1393,2023-10-27,Sri Lanka,22556873,0,672597,0,16883,655714
1394,2023-10-28,Sri Lanka,22556872,1,672598,0,16883,655715
1395,2023-10-29,Sri Lanka,22556872,0,672598,0,16883,655715
1396,2023-10-30,Sri Lanka,22556870,2,672600,0,16883,655717
1397,2023-10-31,Sri Lanka,22556868,2,672602,0,16883,655719
1398,2023-11-01,Sri Lanka,22556868,0,672602,0,16883,655719
1399,2023-11-02,Sri Lanka,22556866,2,672604,0,16883,655721
1400,2023-11-03,Sri Lanka,22556866,0,672604,0,16883,655721
1401,2023-11-04,Sri Lanka,22556866,0,672604,0,16883,655721
1402,2023-11-05,Sri Lanka,22556864,2,672606,0,16883,655723
1403,2023-11-06,Sri Lanka,22556862,2,672608,2,16885,655723
1404,2023-11-07,Sri Lanka,22556861,1,672609,0,16885,655724
1405,2023-11-08,Sri Lanka,22556860,1,672610,0,16885,655725
1406,2023-11-09,Sri Lanka,22556860,0,672610,0,16885,655725
1407,2023-11-10,Sri Lanka,22556858,2,672612,0,16885,655727
1408,2023-11-11,Sri Lanka,22556858,0,672612,0,16885,655727
1409,2023-11-12,Sri Lanka,22556858,0,672612,0,16885,655727
1410,2023-11-13,Sri Lanka,22556857,1,672613,0,16885,655728
1411,2023-11-14,Sri Lanka,22556856,1,672614,0,16885,655729
1412,2023-11-15,Sri Lanka,22556854,2,672616,0,16885,655731
1413,2023-11-16,Sri Lanka,22556853,1,672617,0,16885,655732
1414,2023-11-17,Sri Lanka,22556852,1,672618,0,16885,655733
1415,2023-11-18,Sri Lanka,22556852,0,672618,0,16885,655733
1416,2023-11-19,Sri Lanka,22556852,0,672618,0,16885,655733
1417,2023-11-20,Sri Lanka,22556851,1,672619,1,16886,655733
1418,2023-11-21,Sri Lanka,22556851,0,672619,0,16886,655733
1419,2023-11-22,Sri Lanka,22556849,2,672621,0,16886,655735
1420,2023-11-23,Sri Lanka,22556849,0,672621,0,16886,655735
1421,2023-11-24,Sri Lanka,22556845,4,672625,0,16886,655739
1422,2023-11-25,Sri Lanka,22556844,1,672626,0,16886,655740
1423,2023-11-26,Sri Lanka,22556841,3,672629,0,16886,655743
1424,2023-11-27,Sri Lanka,22556841,0,672629,0,16886,655743
1425,2023-11-28,Sri Lanka,22556841,0,672629,0,16886,655743
1426,2023-11-29,Sri Lanka,22556836,5,672634,0,16886,655748
1427,2023-11-30,Sri Lanka,22556836,0,672634,0,16886,655748
1428,2023-12-01,Sri Lanka,22556831,5,672639,0,16886,655753
1429,2023-12-05,Sri Lanka,22556826,5,672644,0,16886,655758
1430,2023-12-07,Sri Lanka,22556821,5,672649,0,16886,655763
1431,2023-12-09,Sri Lanka,22556817,4,672653,0,16886,655767
1432,2023-12-10,Sri Lanka,22556816,1,672654,0,16886,655768
1433,2023-12-11,Sri Lanka,22556813,3,672657,0,16886,655771
1434,2023-12-13,Sri Lanka,22556811,2,672659,0,16886,655773
1435,2023-12-15,Sri Lanka,22556809,2,672661,0,16886,655775
1436,2023-12-20,Sri Lanka,22556805,4,672665,0,16886,655779
1437,2023-12-22,Sri Lanka,22556797,8,672673,0,16888,655785
1438,2023-12-24,Sri Lanka,22556791,6,672679,0,16888,655791
1439,2023-12-26,Sri Lanka,22556785,6,672685,0,16888,655797
1440,2023-12-30,Sri Lanka,22556768,17,672702,0,16890,655812
1441,2023-12-31,Sri Lanka,22556763,5,672707,0,16890,655817
1442,2024-01-02,Sri Lanka,22556760,3,672710,1,16891,655819
1443,2024-01-04,Sri Lanka,22556757,3,672713,0,16891,655822
1444,2024-01-06,Sri Lanka,22556752,5,672718,0,16891,655827
1445,2024-01-07,Sri Lanka,22556749,3,672721,2,16893,655828
1446,2024-01-10,Sri Lanka,22556744,5,672726,0,16893,655833
1447,2024-01-11,Sri Lanka,22556742,2,672728,0,16893,655835
1448,2024-01-12,Sri Lanka,22556741,1,672729,0,16893,655836
1449,2024-01-13,Sri Lanka,22556736,5,672734,0,16893,655841
1450,2024-01-17,Sri Lanka,22556732,4,672738,0,16893,655845
1451,2024-01-22,Sri Lanka,22556730,2,672740,0,16893,655847
1452,2024-01-24,Sri Lanka,22556727,3,672743,0,16893,655850
1453,2024-01-25,Sri Lanka,22556726,1,672744,0,16893,655851
1454,2024-01-29,Sri Lanka,22556725,1,672745,3,16896,655849
1455,2024-02-06,Sri Lanka,22556724,1,672746,1,16897,655849
1456,2024-02-09,Sri Lanka,22556723,1,672747,0,16897,655850
1457,2024-02-14,Sri Lanka,22556722,1,672748,0,16897,655851
1458,2024-02-24,Sri Lanka,22556721,1,672749,0,16897,655852
1459,2024-02-27,Sri Lanka,22556720,1,672750,0,16897,655853
1460,2024-03-10,Sri Lanka,22556719,1,672751,0,16897,655854
1461,2024-03-19,Sri Lanka,22556717,2,672753,0,16897,655856
1462,2024-03-24,Sri Lanka,22556716,1,672754,2,16899,655855
1463,2024-05-06,Sri Lanka,22556711,5,672759,2,16901,655858
1464,2024-05-09,Sri Lanka,22556708,3,672762,0,16901,655861
1465,2024-05-15,Sri Lanka,22556707,1,672763,0,16901,655862
1466,2024-05-20,Sri Lanka,22556702,5,672768,0,16901,655867
1467,2024-06-03,Sri Lanka,22556691,11,672779,3,16904,655875
1468,2024-06-20,Sri Lanka,22556682,9,672788,3,16907,655881
1469,2024-06-30,Sri Lanka,22556679,3,672791,0,16907,655884
1470,2024-07-21,Sri Lanka,22556673,6,672797,0,16907,655890
1471,2024-07-31,Sri Lanka,22556672,1,672798,0,16907,655891
1472,2024-09-02,Sri Lanka,22556668,4,672802,0,16907,655895
1473,2024-10-27,Sri Lanka,22556661,7,672809,0,16907,655902
1474,2024-11-30,Sri Lanka,22556658,3,672812,0,16907,655905